2026-05-11 16:14:44
                [background-preinit]
                INFO 
                o.h.validator.internal.util.Version
                - HV000001: Hibernate Validator 8.0.1.Final
2026-05-11 16:14:44
                [main]
                INFO 
                c.auction.AuctionServiceApplication
                - Starting AuctionServiceApplication using Java 21.0.9 with PID 4320 (C:\Users\stash\case-study\auction-service\target\classes started by Poornachandra in C:\Users\stash\case-study\auction-service)
2026-05-11 16:14:44
                [main]
                INFO 
                c.auction.AuctionServiceApplication
                - No active profile set, falling back to 1 default profile: "default"
2026-05-11 16:14:46
                [main]
                INFO 
                o.s.d.r.c.RepositoryConfigurationDelegate
                - Bootstrapping Spring Data JPA repositories in DEFAULT mode.
2026-05-11 16:14:46
                [main]
                INFO 
                o.s.d.r.c.RepositoryConfigurationDelegate
                - Finished Spring Data repository scanning in 238 ms. Found 2 JPA repository interfaces.
2026-05-11 16:14:47
                [main]
                INFO 
                o.s.cloud.context.scope.GenericScope
                - BeanFactory id=cd8c048b-e44d-34fa-9fdc-7b77d60c81aa
2026-05-11 16:14:48
                [main]
                WARN 
                o.s.c.s.PostProcessorRegistrationDelegate$BeanPostProcessorChecker
                - Bean 'org.springframework.cloud.client.loadbalancer.LoadBalancerAutoConfiguration$DeferringLoadBalancerInterceptorConfig' of type [org.springframework.cloud.client.loadbalancer.LoadBalancerAutoConfiguration$DeferringLoadBalancerInterceptorConfig] is not eligible for getting processed by all BeanPostProcessors (for example: not eligible for auto-proxying). The currently created BeanPostProcessor [lbRestClientPostProcessor] is declared through a non-static factory method on that class; consider declaring it as static instead.
2026-05-11 16:14:48
                [main]
                WARN 
                o.s.c.s.PostProcessorRegistrationDelegate$BeanPostProcessorChecker
                - Bean 'deferringLoadBalancerInterceptor' of type [org.springframework.cloud.client.loadbalancer.DeferringLoadBalancerInterceptor] is not eligible for getting processed by all BeanPostProcessors (for example: not eligible for auto-proxying). Is this bean getting eagerly injected/applied to a currently created BeanPostProcessor [lbRestClientPostProcessor]? Check the corresponding BeanPostProcessor declaration and its dependencies/advisors. If this bean does not have to be post-processed, declare it with ROLE_INFRASTRUCTURE.
2026-05-11 16:14:48
                [main]
                INFO 
                o.s.b.w.e.tomcat.TomcatWebServer
                - Tomcat initialized with port 8084 (http)
2026-05-11 16:14:48
                [main]
                INFO 
                o.a.coyote.http11.Http11NioProtocol
                - Initializing ProtocolHandler ["http-nio-8084"]
2026-05-11 16:14:48
                [main]
                INFO 
                o.a.catalina.core.StandardService
                - Starting service [Tomcat]
2026-05-11 16:14:48
                [main]
                INFO 
                o.a.catalina.core.StandardEngine
                - Starting Servlet engine: [Apache Tomcat/10.1.31]
2026-05-11 16:14:48
                [main]
                INFO 
                o.a.c.c.C.[Tomcat].[localhost].[/]
                - Initializing Spring embedded WebApplicationContext
2026-05-11 16:14:48
                [main]
                INFO 
                o.s.b.w.s.c.ServletWebServerApplicationContext
                - Root WebApplicationContext: initialization completed in 3999 ms
2026-05-11 16:14:49
                [main]
                INFO 
                o.h.jpa.internal.util.LogHelper
                - HHH000204: Processing PersistenceUnitInfo [name: default]
2026-05-11 16:14:49
                [main]
                INFO 
                org.hibernate.Version
                - HHH000412: Hibernate ORM core version 6.5.3.Final
2026-05-11 16:14:49
                [main]
                INFO 
                o.h.c.i.RegionFactoryInitiator
                - HHH000026: Second-level cache disabled
2026-05-11 16:14:49
                [main]
                INFO 
                o.s.o.j.p.SpringPersistenceUnitInfo
                - No LoadTimeWeaver setup: ignoring JPA class transformer
2026-05-11 16:14:49
                [main]
                INFO 
                com.zaxxer.hikari.HikariDataSource
                - HikariPool-1 - Starting...
2026-05-11 16:14:50
                [main]
                INFO 
                com.zaxxer.hikari.pool.HikariPool
                - HikariPool-1 - Added connection com.mysql.cj.jdbc.ConnectionImpl@8c34631
2026-05-11 16:14:50
                [main]
                INFO 
                com.zaxxer.hikari.HikariDataSource
                - HikariPool-1 - Start completed.
2026-05-11 16:14:51
                [main]
                INFO 
                o.h.e.t.j.p.i.JtaPlatformInitiator
                - HHH000489: No JTA platform available (set 'hibernate.transaction.jta.platform' to enable JTA platform integration)
2026-05-11 16:14:52
                [main]
                INFO 
                o.s.o.j.LocalContainerEntityManagerFactoryBean
                - Initialized JPA EntityManagerFactory for persistence unit 'default'
2026-05-11 16:14:52
                [main]
                WARN 
                o.s.b.w.s.c.AnnotationConfigServletWebServerApplicationContext
                - Exception encountered during context initialization - cancelling refresh attempt: org.springframework.beans.factory.BeanCreationException: Error creating bean with name 'adminAnalyticsController' defined in file [C:\Users\stash\case-study\auction-service\target\classes\com\auction\controller\AdminAnalyticsController.class]: Failed to instantiate [com.auction.controller.AdminAnalyticsController]: Constructor threw exception
2026-05-11 16:14:52
                [main]
                INFO 
                o.s.o.j.LocalContainerEntityManagerFactoryBean
                - Closing JPA EntityManagerFactory for persistence unit 'default'
2026-05-11 16:14:52
                [main]
                INFO 
                com.zaxxer.hikari.HikariDataSource
                - HikariPool-1 - Shutdown initiated...
2026-05-11 16:14:52
                [main]
                INFO 
                com.zaxxer.hikari.HikariDataSource
                - HikariPool-1 - Shutdown completed.
2026-05-11 16:14:52
                [main]
                INFO 
                o.a.catalina.core.StandardService
                - Stopping service [Tomcat]
2026-05-11 16:14:52
                [main]
                INFO 
                o.s.b.a.l.ConditionEvaluationReportLogger
                - 

Error starting ApplicationContext. To display the condition evaluation report re-run your application with 'debug' enabled.
2026-05-11 16:14:52
                [main]
                ERROR
                o.s.boot.SpringApplication
                - Application run failed
org.springframework.beans.factory.BeanCreationException: Error creating bean with name 'adminAnalyticsController' defined in file [C:\Users\stash\case-study\auction-service\target\classes\com\auction\controller\AdminAnalyticsController.class]: Failed to instantiate [com.auction.controller.AdminAnalyticsController]: Constructor threw exception
	at org.springframework.beans.factory.support.AbstractAutowireCapableBeanFactory.instantiateBean(AbstractAutowireCapableBeanFactory.java:1337)
	at org.springframework.beans.factory.support.AbstractAutowireCapableBeanFactory.createBeanInstance(AbstractAutowireCapableBeanFactory.java:1222)
	at org.springframework.beans.factory.support.AbstractAutowireCapableBeanFactory.doCreateBean(AbstractAutowireCapableBeanFactory.java:562)
	at org.springframework.beans.factory.support.AbstractAutowireCapableBeanFactory.createBean(AbstractAutowireCapableBeanFactory.java:522)
	at org.springframework.beans.factory.support.AbstractBeanFactory.lambda$doGetBean$0(AbstractBeanFactory.java:337)
	at org.springframework.beans.factory.support.DefaultSingletonBeanRegistry.getSingleton(DefaultSingletonBeanRegistry.java:234)
	at org.springframework.beans.factory.support.AbstractBeanFactory.doGetBean(AbstractBeanFactory.java:335)
	at org.springframework.beans.factory.support.AbstractBeanFactory.getBean(AbstractBeanFactory.java:200)
	at org.springframework.beans.factory.support.DefaultListableBeanFactory.preInstantiateSingletons(DefaultListableBeanFactory.java:975)
	at org.springframework.context.support.AbstractApplicationContext.finishBeanFactoryInitialization(AbstractApplicationContext.java:971)
	at org.springframework.context.support.AbstractApplicationContext.refresh(AbstractApplicationContext.java:625)
	at org.springframework.boot.web.servlet.context.ServletWebServerApplicationContext.refresh(ServletWebServerApplicationContext.java:146)
	at org.springframework.boot.SpringApplication.refresh(SpringApplication.java:754)
	at org.springframework.boot.SpringApplication.refreshContext(SpringApplication.java:456)
	at org.springframework.boot.SpringApplication.run(SpringApplication.java:335)
	at org.springframework.boot.SpringApplication.run(SpringApplication.java:1363)
	at org.springframework.boot.SpringApplication.run(SpringApplication.java:1352)
	at com.auction.AuctionServiceApplication.main(AuctionServiceApplication.java:17)
Caused by: org.springframework.beans.BeanInstantiationException: Failed to instantiate [com.auction.controller.AdminAnalyticsController]: Constructor threw exception
	at org.springframework.beans.BeanUtils.instantiateClass(BeanUtils.java:221)
	at org.springframework.beans.factory.support.SimpleInstantiationStrategy.instantiate(SimpleInstantiationStrategy.java:94)
	at org.springframework.beans.factory.support.AbstractAutowireCapableBeanFactory.instantiateBean(AbstractAutowireCapableBeanFactory.java:1331)
	... 17 common frames omitted
Caused by: java.lang.Error: Unresolved compilation problems: 
	The blank final field analyticsService may not have been initialized
	log cannot be resolved
	log cannot be resolved
	log cannot be resolved
	log cannot be resolved
	log cannot be resolved
	log cannot be resolved
	log cannot be resolved
	log cannot be resolved

	at com.auction.controller.AdminAnalyticsController.<init>(AdminAnalyticsController.java:29)
	at java.base/jdk.internal.reflect.DirectConstructorHandleAccessor.newInstance(DirectConstructorHandleAccessor.java:62)
	at java.base/java.lang.reflect.Constructor.newInstanceWithCaller(Constructor.java:502)
	at java.base/java.lang.reflect.Constructor.newInstance(Constructor.java:486)
	at org.springframework.beans.BeanUtils.instantiateClass(BeanUtils.java:195)
	... 19 common frames omitted
2026-05-11 16:28:47
                [background-preinit]
                INFO 
                o.h.validator.internal.util.Version
                - HV000001: Hibernate Validator 8.0.1.Final
2026-05-11 16:28:47
                [main]
                INFO 
                c.auction.AuctionServiceApplication
                - Starting AuctionServiceApplication using Java 21.0.9 with PID 10344 (C:\Users\stash\case-study\auction-service\target\classes started by Poornachandra in C:\Users\stash\case-study\auction-service)
2026-05-11 16:28:47
                [main]
                INFO 
                c.auction.AuctionServiceApplication
                - No active profile set, falling back to 1 default profile: "default"
2026-05-11 16:28:53
                [main]
                INFO 
                o.s.d.r.c.RepositoryConfigurationDelegate
                - Bootstrapping Spring Data JPA repositories in DEFAULT mode.
2026-05-11 16:28:54
                [main]
                INFO 
                o.s.d.r.c.RepositoryConfigurationDelegate
                - Finished Spring Data repository scanning in 922 ms. Found 2 JPA repository interfaces.
2026-05-11 16:28:56
                [main]
                INFO 
                o.s.cloud.context.scope.GenericScope
                - BeanFactory id=cd8c048b-e44d-34fa-9fdc-7b77d60c81aa
2026-05-11 16:28:57
                [main]
                WARN 
                o.s.c.s.PostProcessorRegistrationDelegate$BeanPostProcessorChecker
                - Bean 'org.springframework.cloud.client.loadbalancer.LoadBalancerAutoConfiguration$DeferringLoadBalancerInterceptorConfig' of type [org.springframework.cloud.client.loadbalancer.LoadBalancerAutoConfiguration$DeferringLoadBalancerInterceptorConfig] is not eligible for getting processed by all BeanPostProcessors (for example: not eligible for auto-proxying). The currently created BeanPostProcessor [lbRestClientPostProcessor] is declared through a non-static factory method on that class; consider declaring it as static instead.
2026-05-11 16:28:57
                [main]
                WARN 
                o.s.c.s.PostProcessorRegistrationDelegate$BeanPostProcessorChecker
                - Bean 'deferringLoadBalancerInterceptor' of type [org.springframework.cloud.client.loadbalancer.DeferringLoadBalancerInterceptor] is not eligible for getting processed by all BeanPostProcessors (for example: not eligible for auto-proxying). Is this bean getting eagerly injected/applied to a currently created BeanPostProcessor [lbRestClientPostProcessor]? Check the corresponding BeanPostProcessor declaration and its dependencies/advisors. If this bean does not have to be post-processed, declare it with ROLE_INFRASTRUCTURE.
2026-05-11 16:28:59
                [main]
                INFO 
                o.s.b.w.e.tomcat.TomcatWebServer
                - Tomcat initialized with port 8084 (http)
2026-05-11 16:28:59
                [main]
                INFO 
                o.a.coyote.http11.Http11NioProtocol
                - Initializing ProtocolHandler ["http-nio-8084"]
2026-05-11 16:28:59
                [main]
                INFO 
                o.a.catalina.core.StandardService
                - Starting service [Tomcat]
2026-05-11 16:28:59
                [main]
                INFO 
                o.a.catalina.core.StandardEngine
                - Starting Servlet engine: [Apache Tomcat/10.1.31]
2026-05-11 16:28:59
                [main]
                INFO 
                o.a.c.c.C.[Tomcat].[localhost].[/]
                - Initializing Spring embedded WebApplicationContext
2026-05-11 16:28:59
                [main]
                INFO 
                o.s.b.w.s.c.ServletWebServerApplicationContext
                - Root WebApplicationContext: initialization completed in 11732 ms
2026-05-11 16:29:00
                [main]
                INFO 
                o.h.jpa.internal.util.LogHelper
                - HHH000204: Processing PersistenceUnitInfo [name: default]
2026-05-11 16:29:00
                [main]
                INFO 
                org.hibernate.Version
                - HHH000412: Hibernate ORM core version 6.5.3.Final
2026-05-11 16:29:00
                [main]
                INFO 
                o.h.c.i.RegionFactoryInitiator
                - HHH000026: Second-level cache disabled
2026-05-11 16:29:01
                [main]
                INFO 
                o.s.o.j.p.SpringPersistenceUnitInfo
                - No LoadTimeWeaver setup: ignoring JPA class transformer
2026-05-11 16:29:01
                [main]
                INFO 
                com.zaxxer.hikari.HikariDataSource
                - HikariPool-1 - Starting...
2026-05-11 16:29:02
                [main]
                INFO 
                com.zaxxer.hikari.pool.HikariPool
                - HikariPool-1 - Added connection com.mysql.cj.jdbc.ConnectionImpl@19d13d04
2026-05-11 16:29:02
                [main]
                INFO 
                com.zaxxer.hikari.HikariDataSource
                - HikariPool-1 - Start completed.
2026-05-11 16:29:05
                [main]
                INFO 
                o.h.e.t.j.p.i.JtaPlatformInitiator
                - HHH000489: No JTA platform available (set 'hibernate.transaction.jta.platform' to enable JTA platform integration)
2026-05-11 16:29:05
                [main]
                INFO 
                o.s.o.j.LocalContainerEntityManagerFactoryBean
                - Initialized JPA EntityManagerFactory for persistence unit 'default'
2026-05-11 16:29:07
                [main]
                INFO 
                o.s.d.j.r.query.QueryEnhancerFactory
                - Hibernate is in classpath; If applicable, HQL parser will be used.
2026-05-11 16:29:10
                [main]
                WARN 
                o.s.b.a.o.j.JpaBaseConfiguration$JpaWebConfiguration
                - spring.jpa.open-in-view is enabled by default. Therefore, database queries may be performed during view rendering. Explicitly configure spring.jpa.open-in-view to disable this warning
2026-05-11 16:29:12
                [main]
                INFO 
                o.s.c.o.FeignClientFactoryBean
                - For 'USER-SERVICE' URL not provided. Will try picking an instance via load-balancing.
2026-05-11 16:29:16
                [main]
                INFO 
                o.s.c.n.e.c.DiscoveryClientOptionalArgsConfiguration
                - Eureka HTTP Client uses RestTemplate.
2026-05-11 16:29:16
                [main]
                WARN 
                o.s.c.l.c.LoadBalancerCacheAutoConfiguration$LoadBalancerCaffeineWarnLogger
                - Spring Cloud LoadBalancer is currently working with the default cache. While this cache implementation is useful for development and tests, it's recommended to use Caffeine cache in production.You can switch to using Caffeine cache, by adding it and org.springframework.cache.caffeine.CaffeineCacheManager to the classpath.
2026-05-11 16:29:16
                [main]
                INFO 
                o.s.c.n.eureka.InstanceInfoFactory
                - Setting initial instance status as: STARTING
2026-05-11 16:29:16
                [main]
                INFO 
                c.netflix.discovery.DiscoveryClient
                - Initializing Eureka in region us-east-1
2026-05-11 16:29:16
                [main]
                INFO 
                c.n.d.s.r.aws.ConfigClusterResolver
                - Resolving eureka endpoints via configuration
2026-05-11 16:29:16
                [main]
                INFO 
                c.netflix.discovery.DiscoveryClient
                - Disable delta property : false
2026-05-11 16:29:16
                [main]
                INFO 
                c.netflix.discovery.DiscoveryClient
                - Single vip registry refresh property : null
2026-05-11 16:29:16
                [main]
                INFO 
                c.netflix.discovery.DiscoveryClient
                - Force full registry fetch : false
2026-05-11 16:29:16
                [main]
                INFO 
                c.netflix.discovery.DiscoveryClient
                - Application is null : false
2026-05-11 16:29:16
                [main]
                INFO 
                c.netflix.discovery.DiscoveryClient
                - Registered Applications size is zero : true
2026-05-11 16:29:16
                [main]
                INFO 
                c.netflix.discovery.DiscoveryClient
                - Application version is -1: true
2026-05-11 16:29:16
                [main]
                INFO 
                c.netflix.discovery.DiscoveryClient
                - Getting all instance registry info from the eureka server
2026-05-11 16:29:17
                [main]
                INFO 
                c.netflix.discovery.DiscoveryClient
                - The response status is 200
2026-05-11 16:29:17
                [main]
                INFO 
                c.netflix.discovery.DiscoveryClient
                - Starting heartbeat executor: renew interval is: 30
2026-05-11 16:29:17
                [main]
                INFO 
                c.n.discovery.InstanceInfoReplicator
                - InstanceInfoReplicator onDemand update allowed rate per min is 4
2026-05-11 16:29:17
                [main]
                INFO 
                c.netflix.discovery.DiscoveryClient
                - Discovery Client initialized at timestamp 1778497157744 with initial instances count: 0
2026-05-11 16:29:17
                [main]
                INFO 
                o.s.c.n.e.s.EurekaServiceRegistry
                - Registering application AUCTION-SERVICE with eureka with status UP
2026-05-11 16:29:17
                [main]
                INFO 
                c.netflix.discovery.DiscoveryClient
                - Saw local status change event StatusChangeEvent [timestamp=1778497157814, current=UP, previous=STARTING]
2026-05-11 16:29:17
                [main]
                INFO 
                o.a.coyote.http11.Http11NioProtocol
                - Starting ProtocolHandler ["http-nio-8084"]
2026-05-11 16:29:17
                [DiscoveryClient-InstanceInfoReplicator-%d]
                INFO 
                c.netflix.discovery.DiscoveryClient
                - DiscoveryClient_AUCTION-SERVICE/192.168.1.103:AUCTION-SERVICE:8084: registering service...
2026-05-11 16:29:17
                [main]
                INFO 
                o.s.b.w.e.tomcat.TomcatWebServer
                - Tomcat started on port 8084 (http) with context path '/'
2026-05-11 16:29:17
                [main]
                INFO 
                o.s.c.n.e.s.EurekaAutoServiceRegistration
                - Updating port to 8084
2026-05-11 16:29:17
                [main]
                INFO 
                c.auction.AuctionServiceApplication
                - Started AuctionServiceApplication in 33.532 seconds (process running for 36.177)
2026-05-11 16:29:17
                [scheduling-1]
                INFO 
                com.auction.logging.LoggingAspect
                - [SCHEDULER] Method started: com.auction.scheduler.AuctionScheduler.updateAuctionStatus
2026-05-11 16:29:17
                [scheduling-1]
                INFO 
                c.auction.scheduler.AuctionScheduler
                - Auction scheduler triggered
2026-05-11 16:29:17
                [DiscoveryClient-InstanceInfoReplicator-%d]
                INFO 
                c.netflix.discovery.DiscoveryClient
                - DiscoveryClient_AUCTION-SERVICE/192.168.1.103:AUCTION-SERVICE:8084 - registration status: 204
2026-05-11 16:29:18
                [scheduling-1]
                INFO 
                com.auction.logging.LoggingAspect
                - [SCHEDULER] Method completed: com.auction.scheduler.AuctionScheduler.updateAuctionStatus | Execution Time: 394 ms
2026-05-11 16:29:35
                [RMI TCP Connection(9)-127.0.0.1]
                INFO 
                o.s.b.a.SpringApplicationAdminMXBeanRegistrar$SpringApplicationAdmin
                - Application shutdown requested.
2026-05-11 16:29:35
                [RMI TCP Connection(9)-127.0.0.1]
                INFO 
                o.s.c.n.e.s.EurekaServiceRegistry
                - Unregistering application AUCTION-SERVICE with eureka with status DOWN
2026-05-11 16:29:35
                [RMI TCP Connection(9)-127.0.0.1]
                INFO 
                c.netflix.discovery.DiscoveryClient
                - Saw local status change event StatusChangeEvent [timestamp=1778497175734, current=DOWN, previous=UP]
2026-05-11 16:29:35
                [DiscoveryClient-InstanceInfoReplicator-%d]
                INFO 
                c.netflix.discovery.DiscoveryClient
                - DiscoveryClient_AUCTION-SERVICE/192.168.1.103:AUCTION-SERVICE:8084: registering service...
2026-05-11 16:29:35
                [RMI TCP Connection(9)-127.0.0.1]
                INFO 
                o.a.coyote.http11.Http11NioProtocol
                - Stopping ProtocolHandler ["http-nio-8084"]
2026-05-11 16:29:35
                [DiscoveryClient-InstanceInfoReplicator-%d]
                INFO 
                c.netflix.discovery.DiscoveryClient
                - DiscoveryClient_AUCTION-SERVICE/192.168.1.103:AUCTION-SERVICE:8084 - registration status: 204
2026-05-11 16:29:35
                [RMI TCP Connection(9)-127.0.0.1]
                INFO 
                o.s.o.j.LocalContainerEntityManagerFactoryBean
                - Closing JPA EntityManagerFactory for persistence unit 'default'
2026-05-11 16:29:35
                [RMI TCP Connection(9)-127.0.0.1]
                INFO 
                com.zaxxer.hikari.HikariDataSource
                - HikariPool-1 - Shutdown initiated...
2026-05-11 16:29:35
                [RMI TCP Connection(9)-127.0.0.1]
                INFO 
                com.zaxxer.hikari.HikariDataSource
                - HikariPool-1 - Shutdown completed.
2026-05-11 16:29:35
                [RMI TCP Connection(9)-127.0.0.1]
                INFO 
                c.netflix.discovery.DiscoveryClient
                - Shutting down DiscoveryClient ...
2026-05-11 16:29:38
                [RMI TCP Connection(9)-127.0.0.1]
                INFO 
                c.netflix.discovery.DiscoveryClient
                - Unregistering ...
2026-05-11 16:29:38
                [RMI TCP Connection(9)-127.0.0.1]
                INFO 
                c.n.d.s.t.d.RedirectingEurekaHttpClient
                - Request execution error. endpoint=DefaultEndpoint{ serviceUrl='http://localhost:8761/eureka/} exception=I/O error on DELETE request for "http://localhost:8761/eureka/apps/AUCTION-SERVICE/192.168.1.103:AUCTION-SERVICE:8084": Connect to http://localhost:8761 [localhost/127.0.0.1, localhost/0:0:0:0:0:0:0:1] failed: Connection refused: getsockopt stacktrace=org.springframework.web.client.ResourceAccessException: I/O error on DELETE request for "http://localhost:8761/eureka/apps/AUCTION-SERVICE/192.168.1.103:AUCTION-SERVICE:8084": Connect to http://localhost:8761 [localhost/127.0.0.1, localhost/0:0:0:0:0:0:0:1] failed: Connection refused: getsockopt
	at org.springframework.web.client.RestTemplate.createResourceAccessException(RestTemplate.java:915)
	at org.springframework.web.client.RestTemplate.doExecute(RestTemplate.java:895)
	at org.springframework.web.client.RestTemplate.execute(RestTemplate.java:790)
	at org.springframework.web.client.RestTemplate.exchange(RestTemplate.java:672)
	at org.springframework.cloud.netflix.eureka.http.RestTemplateEurekaHttpClient.cancel(RestTemplateEurekaHttpClient.java:87)
	at com.netflix.discovery.shared.transport.decorator.EurekaHttpClientDecorator$2.execute(EurekaHttpClientDecorator.java:74)
	at com.netflix.discovery.shared.transport.decorator.RedirectingEurekaHttpClient.execute(RedirectingEurekaHttpClient.java:91)
	at com.netflix.discovery.shared.transport.decorator.EurekaHttpClientDecorator.cancel(EurekaHttpClientDecorator.java:71)
	at com.netflix.discovery.shared.transport.decorator.EurekaHttpClientDecorator$2.execute(EurekaHttpClientDecorator.java:74)
	at com.netflix.discovery.shared.transport.decorator.RetryableEurekaHttpClient.execute(RetryableEurekaHttpClient.java:120)
	at com.netflix.discovery.shared.transport.decorator.EurekaHttpClientDecorator.cancel(EurekaHttpClientDecorator.java:71)
	at com.netflix.discovery.shared.transport.decorator.EurekaHttpClientDecorator$2.execute(EurekaHttpClientDecorator.java:74)
	at com.netflix.discovery.shared.transport.decorator.SessionedEurekaHttpClient.execute(SessionedEurekaHttpClient.java:76)
	at com.netflix.discovery.shared.transport.decorator.EurekaHttpClientDecorator.cancel(EurekaHttpClientDecorator.java:71)
	at com.netflix.discovery.DiscoveryClient.unregister(DiscoveryClient.java:919)
	at com.netflix.discovery.DiscoveryClient.shutdown(DiscoveryClient.java:900)
	at java.base/jdk.internal.reflect.DirectMethodHandleAccessor.invoke(DirectMethodHandleAccessor.java:103)
	at java.base/java.lang.reflect.Method.invoke(Method.java:580)
	at org.springframework.beans.factory.annotation.InitDestroyAnnotationBeanPostProcessor$LifecycleMethod.invoke(InitDestroyAnnotationBeanPostProcessor.java:457)
	at org.springframework.beans.factory.annotation.InitDestroyAnnotationBeanPostProcessor$LifecycleMetadata.invokeDestroyMethods(InitDestroyAnnotationBeanPostProcessor.java:415)
	at org.springframework.beans.factory.annotation.InitDestroyAnnotationBeanPostProcessor.postProcessBeforeDestruction(InitDestroyAnnotationBeanPostProcessor.java:239)
	at org.springframework.beans.factory.support.DisposableBeanAdapter.destroy(DisposableBeanAdapter.java:202)
	at org.springframework.beans.factory.support.DisposableBeanAdapter.run(DisposableBeanAdapter.java:195)
	at org.springframework.cloud.context.scope.GenericScope$BeanLifecycleWrapper.destroy(GenericScope.java:389)
	at org.springframework.cloud.context.scope.GenericScope.destroy(GenericScope.java:136)
	at org.springframework.beans.factory.support.DisposableBeanAdapter.destroy(DisposableBeanAdapter.java:211)
	at org.springframework.beans.factory.support.DefaultSingletonBeanRegistry.destroyBean(DefaultSingletonBeanRegistry.java:587)
	at org.springframework.beans.factory.support.DefaultSingletonBeanRegistry.destroySingleton(DefaultSingletonBeanRegistry.java:559)
	at org.springframework.beans.factory.support.DefaultListableBeanFactory.destroySingleton(DefaultListableBeanFactory.java:1202)
	at org.springframework.beans.factory.support.DefaultSingletonBeanRegistry.destroySingletons(DefaultSingletonBeanRegistry.java:520)
	at org.springframework.beans.factory.support.DefaultListableBeanFactory.destroySingletons(DefaultListableBeanFactory.java:1195)
	at org.springframework.context.support.AbstractApplicationContext.destroyBeans(AbstractApplicationContext.java:1195)
	at org.springframework.context.support.AbstractApplicationContext.doClose(AbstractApplicationContext.java:1156)
	at org.springframework.boot.web.servlet.context.ServletWebServerApplicationContext.doClose(ServletWebServerApplicationContext.java:174)
	at org.springframework.context.support.AbstractApplicationContext.close(AbstractApplicationContext.java:1102)
	at org.springframework.boot.admin.SpringApplicationAdminMXBeanRegistrar$SpringApplicationAdmin.shutdown(SpringApplicationAdminMXBeanRegistrar.java:160)
	at java.base/jdk.internal.reflect.DirectMethodHandleAccessor.invoke(DirectMethodHandleAccessor.java:103)
	at java.base/java.lang.reflect.Method.invoke(Method.java:580)
	at sun.reflect.misc.Trampoline.invoke(MethodUtil.java:64)
	at java.base/jdk.internal.reflect.DirectMethodHandleAccessor.invoke(DirectMethodHandleAccessor.java:103)
	at java.base/java.lang.reflect.Method.invoke(Method.java:580)
	at java.base/sun.reflect.misc.MethodUtil.invoke(MethodUtil.java:97)
	at java.management/com.sun.jmx.mbeanserver.ConvertingMethod.invokeWithOpenReturn(ConvertingMethod.java:193)
	at java.management/com.sun.jmx.mbeanserver.ConvertingMethod.invokeWithOpenReturn(ConvertingMethod.java:175)
	at java.management/com.sun.jmx.mbeanserver.MXBeanIntrospector.invokeM2(MXBeanIntrospector.java:115)
	at java.management/com.sun.jmx.mbeanserver.MXBeanIntrospector.invokeM2(MXBeanIntrospector.java:52)
	at java.management/com.sun.jmx.mbeanserver.MBeanIntrospector.invokeM(MBeanIntrospector.java:236)
	at java.management/com.sun.jmx.mbeanserver.PerInterface.invoke(PerInterface.java:138)
	at java.management/com.sun.jmx.mbeanserver.MBeanSupport.invoke(MBeanSupport.java:252)
	at java.management/com.sun.jmx.interceptor.DefaultMBeanServerInterceptor.invoke(DefaultMBeanServerInterceptor.java:803)
	at java.management/com.sun.jmx.mbeanserver.JmxMBeanServer.invoke(JmxMBeanServer.java:802)
	at java.management.rmi/javax.management.remote.rmi.RMIConnectionImpl.doOperation(RMIConnectionImpl.java:1472)
	at java.management.rmi/javax.management.remote.rmi.RMIConnectionImpl$PrivilegedOperation.run(RMIConnectionImpl.java:1310)
	at java.management.rmi/javax.management.remote.rmi.RMIConnectionImpl.doPrivilegedOperation(RMIConnectionImpl.java:1405)
	at java.management.rmi/javax.management.remote.rmi.RMIConnectionImpl.invoke(RMIConnectionImpl.java:829)
	at java.base/jdk.internal.reflect.DirectMethodHandleAccessor.invoke(DirectMethodHandleAccessor.java:103)
	at java.base/java.lang.reflect.Method.invoke(Method.java:580)
	at java.rmi/sun.rmi.server.UnicastServerRef.dispatch(UnicastServerRef.java:360)
	at java.rmi/sun.rmi.transport.Transport$1.run(Transport.java:200)
	at java.rmi/sun.rmi.transport.Transport$1.run(Transport.java:197)
	at java.base/java.security.AccessController.doPrivileged(AccessController.java:714)
	at java.rmi/sun.rmi.transport.Transport.serviceCall(Transport.java:196)
	at java.rmi/sun.rmi.transport.tcp.TCPTransport.handleMessages(TCPTransport.java:598)
	at java.rmi/sun.rmi.transport.tcp.TCPTransport$ConnectionHandler.run0(TCPTransport.java:844)
	at java.rmi/sun.rmi.transport.tcp.TCPTransport$ConnectionHandler.lambda$run$0(TCPTransport.java:721)
	at java.base/java.security.AccessController.doPrivileged(AccessController.java:400)
	at java.rmi/sun.rmi.transport.tcp.TCPTransport$ConnectionHandler.run(TCPTransport.java:720)
	at java.base/java.util.concurrent.ThreadPoolExecutor.runWorker(ThreadPoolExecutor.java:1144)
	at java.base/java.util.concurrent.ThreadPoolExecutor$Worker.run(ThreadPoolExecutor.java:642)
	at java.base/java.lang.Thread.run(Thread.java:1583)
Caused by: org.apache.hc.client5.http.HttpHostConnectException: Connect to http://localhost:8761 [localhost/127.0.0.1, localhost/0:0:0:0:0:0:0:1] failed: Connection refused: getsockopt
	at java.base/sun.nio.ch.Net.pollConnect(Native Method)
	at java.base/sun.nio.ch.Net.pollConnectNow(Net.java:690)
	at java.base/sun.nio.ch.NioSocketImpl.timedFinishConnect(NioSocketImpl.java:542)
	at java.base/sun.nio.ch.NioSocketImpl.connect(NioSocketImpl.java:592)
	at java.base/java.net.SocksSocketImpl.connect(SocksSocketImpl.java:327)
	at java.base/java.net.Socket.connect(Socket.java:751)
	at org.apache.hc.client5.http.socket.PlainConnectionSocketFactory.lambda$connectSocket$0(PlainConnectionSocketFactory.java:91)
	at java.base/java.security.AccessController.doPrivileged(AccessController.java:571)
	at org.apache.hc.client5.http.socket.PlainConnectionSocketFactory.connectSocket(PlainConnectionSocketFactory.java:90)
	at org.apache.hc.client5.http.socket.ConnectionSocketFactory.connectSocket(ConnectionSocketFactory.java:123)
	at org.apache.hc.client5.http.impl.io.DefaultHttpClientConnectionOperator.connect(DefaultHttpClientConnectionOperator.java:189)
	at org.apache.hc.client5.http.impl.io.PoolingHttpClientConnectionManager.connect(PoolingHttpClientConnectionManager.java:450)
	at org.apache.hc.client5.http.impl.classic.InternalExecRuntime.connectEndpoint(InternalExecRuntime.java:162)
	at org.apache.hc.client5.http.impl.classic.InternalExecRuntime.connectEndpoint(InternalExecRuntime.java:172)
	at org.apache.hc.client5.http.impl.classic.ConnectExec.execute(ConnectExec.java:142)
	at org.apache.hc.client5.http.impl.classic.ExecChainElement.execute(ExecChainElement.java:51)
	at org.apache.hc.client5.http.impl.classic.ProtocolExec.execute(ProtocolExec.java:192)
	at org.apache.hc.client5.http.impl.classic.ExecChainElement.execute(ExecChainElement.java:51)
	at org.apache.hc.client5.http.impl.classic.HttpRequestRetryExec.execute(HttpRequestRetryExec.java:113)
	at org.apache.hc.client5.http.impl.classic.ExecChainElement.execute(ExecChainElement.java:51)
	at org.apache.hc.client5.http.impl.classic.ContentCompressionExec.execute(ContentCompressionExec.java:152)
	at org.apache.hc.client5.http.impl.classic.ExecChainElement.execute(ExecChainElement.java:51)
	at org.apache.hc.client5.http.impl.classic.RedirectExec.execute(RedirectExec.java:116)
	at org.apache.hc.client5.http.impl.classic.ExecChainElement.execute(ExecChainElement.java:51)
	at org.apache.hc.client5.http.impl.classic.InternalHttpClient.doExecute(InternalHttpClient.java:170)
	at org.apache.hc.client5.http.impl.classic.CloseableHttpClient.execute(CloseableHttpClient.java:87)
	at org.apache.hc.client5.http.impl.classic.CloseableHttpClient.execute(CloseableHttpClient.java:55)
	at org.apache.hc.client5.http.classic.HttpClient.executeOpen(HttpClient.java:183)
	at org.springframework.http.client.HttpComponentsClientHttpRequest.executeInternal(HttpComponentsClientHttpRequest.java:99)
	at org.springframework.http.client.AbstractStreamingClientHttpRequest.executeInternal(AbstractStreamingClientHttpRequest.java:70)
	at org.springframework.http.client.AbstractClientHttpRequest.execute(AbstractClientHttpRequest.java:66)
	at org.springframework.http.client.InterceptingClientHttpRequest$InterceptingRequestExecution.execute(InterceptingClientHttpRequest.java:112)
	at org.springframework.cloud.netflix.eureka.http.RestTemplateTransportClientFactory.lambda$restTemplate$3(RestTemplateTransportClientFactory.java:170)
	at org.springframework.http.client.InterceptingClientHttpRequest$InterceptingRequestExecution.execute(InterceptingClientHttpRequest.java:88)
	at org.springframework.http.client.InterceptingClientHttpRequest.executeInternal(InterceptingClientHttpRequest.java:72)
	at org.springframework.http.client.AbstractBufferingClientHttpRequest.executeInternal(AbstractBufferingClientHttpRequest.java:48)
	at org.springframework.http.client.AbstractClientHttpRequest.execute(AbstractClientHttpRequest.java:66)
	at org.springframework.web.client.RestTemplate.doExecute(RestTemplate.java:889)
	... 68 more

2026-05-11 16:29:38
                [RMI TCP Connection(9)-127.0.0.1]
                WARN 
                c.n.d.s.t.d.RetryableEurekaHttpClient
                - Request execution failed with message: I/O error on DELETE request for "http://localhost:8761/eureka/apps/AUCTION-SERVICE/192.168.1.103:AUCTION-SERVICE:8084": Connect to http://localhost:8761 [localhost/127.0.0.1, localhost/0:0:0:0:0:0:0:1] failed: Connection refused: getsockopt
2026-05-11 16:29:38
                [RMI TCP Connection(9)-127.0.0.1]
                INFO 
                c.n.d.s.t.d.RedirectingEurekaHttpClient
                - Request execution error. endpoint=DefaultEndpoint{ serviceUrl='http://localhost:8761/eureka/}, exception=I/O error on DELETE request for "http://localhost:8761/eureka/apps/AUCTION-SERVICE/192.168.1.103:AUCTION-SERVICE:8084": Connect to http://localhost:8761 [localhost/127.0.0.1, localhost/0:0:0:0:0:0:0:1] failed: Connection refused: getsockopt stacktrace=org.springframework.web.client.ResourceAccessException: I/O error on DELETE request for "http://localhost:8761/eureka/apps/AUCTION-SERVICE/192.168.1.103:AUCTION-SERVICE:8084": Connect to http://localhost:8761 [localhost/127.0.0.1, localhost/0:0:0:0:0:0:0:1] failed: Connection refused: getsockopt
	at org.springframework.web.client.RestTemplate.createResourceAccessException(RestTemplate.java:915)
	at org.springframework.web.client.RestTemplate.doExecute(RestTemplate.java:895)
	at org.springframework.web.client.RestTemplate.execute(RestTemplate.java:790)
	at org.springframework.web.client.RestTemplate.exchange(RestTemplate.java:672)
	at org.springframework.cloud.netflix.eureka.http.RestTemplateEurekaHttpClient.cancel(RestTemplateEurekaHttpClient.java:87)
	at com.netflix.discovery.shared.transport.decorator.EurekaHttpClientDecorator$2.execute(EurekaHttpClientDecorator.java:74)
	at com.netflix.discovery.shared.transport.decorator.RedirectingEurekaHttpClient.executeOnNewServer(RedirectingEurekaHttpClient.java:121)
	at com.netflix.discovery.shared.transport.decorator.RedirectingEurekaHttpClient.execute(RedirectingEurekaHttpClient.java:80)
	at com.netflix.discovery.shared.transport.decorator.EurekaHttpClientDecorator.cancel(EurekaHttpClientDecorator.java:71)
	at com.netflix.discovery.shared.transport.decorator.EurekaHttpClientDecorator$2.execute(EurekaHttpClientDecorator.java:74)
	at com.netflix.discovery.shared.transport.decorator.RetryableEurekaHttpClient.execute(RetryableEurekaHttpClient.java:120)
	at com.netflix.discovery.shared.transport.decorator.EurekaHttpClientDecorator.cancel(EurekaHttpClientDecorator.java:71)
	at com.netflix.discovery.shared.transport.decorator.EurekaHttpClientDecorator$2.execute(EurekaHttpClientDecorator.java:74)
	at com.netflix.discovery.shared.transport.decorator.SessionedEurekaHttpClient.execute(SessionedEurekaHttpClient.java:76)
	at com.netflix.discovery.shared.transport.decorator.EurekaHttpClientDecorator.cancel(EurekaHttpClientDecorator.java:71)
	at com.netflix.discovery.DiscoveryClient.unregister(DiscoveryClient.java:919)
	at com.netflix.discovery.DiscoveryClient.shutdown(DiscoveryClient.java:900)
	at java.base/jdk.internal.reflect.DirectMethodHandleAccessor.invoke(DirectMethodHandleAccessor.java:103)
	at java.base/java.lang.reflect.Method.invoke(Method.java:580)
	at org.springframework.beans.factory.annotation.InitDestroyAnnotationBeanPostProcessor$LifecycleMethod.invoke(InitDestroyAnnotationBeanPostProcessor.java:457)
	at org.springframework.beans.factory.annotation.InitDestroyAnnotationBeanPostProcessor$LifecycleMetadata.invokeDestroyMethods(InitDestroyAnnotationBeanPostProcessor.java:415)
	at org.springframework.beans.factory.annotation.InitDestroyAnnotationBeanPostProcessor.postProcessBeforeDestruction(InitDestroyAnnotationBeanPostProcessor.java:239)
	at org.springframework.beans.factory.support.DisposableBeanAdapter.destroy(DisposableBeanAdapter.java:202)
	at org.springframework.beans.factory.support.DisposableBeanAdapter.run(DisposableBeanAdapter.java:195)
	at org.springframework.cloud.context.scope.GenericScope$BeanLifecycleWrapper.destroy(GenericScope.java:389)
	at org.springframework.cloud.context.scope.GenericScope.destroy(GenericScope.java:136)
	at org.springframework.beans.factory.support.DisposableBeanAdapter.destroy(DisposableBeanAdapter.java:211)
	at org.springframework.beans.factory.support.DefaultSingletonBeanRegistry.destroyBean(DefaultSingletonBeanRegistry.java:587)
	at org.springframework.beans.factory.support.DefaultSingletonBeanRegistry.destroySingleton(DefaultSingletonBeanRegistry.java:559)
	at org.springframework.beans.factory.support.DefaultListableBeanFactory.destroySingleton(DefaultListableBeanFactory.java:1202)
	at org.springframework.beans.factory.support.DefaultSingletonBeanRegistry.destroySingletons(DefaultSingletonBeanRegistry.java:520)
	at org.springframework.beans.factory.support.DefaultListableBeanFactory.destroySingletons(DefaultListableBeanFactory.java:1195)
	at org.springframework.context.support.AbstractApplicationContext.destroyBeans(AbstractApplicationContext.java:1195)
	at org.springframework.context.support.AbstractApplicationContext.doClose(AbstractApplicationContext.java:1156)
	at org.springframework.boot.web.servlet.context.ServletWebServerApplicationContext.doClose(ServletWebServerApplicationContext.java:174)
	at org.springframework.context.support.AbstractApplicationContext.close(AbstractApplicationContext.java:1102)
	at org.springframework.boot.admin.SpringApplicationAdminMXBeanRegistrar$SpringApplicationAdmin.shutdown(SpringApplicationAdminMXBeanRegistrar.java:160)
	at java.base/jdk.internal.reflect.DirectMethodHandleAccessor.invoke(DirectMethodHandleAccessor.java:103)
	at java.base/java.lang.reflect.Method.invoke(Method.java:580)
	at sun.reflect.misc.Trampoline.invoke(MethodUtil.java:64)
	at java.base/jdk.internal.reflect.DirectMethodHandleAccessor.invoke(DirectMethodHandleAccessor.java:103)
	at java.base/java.lang.reflect.Method.invoke(Method.java:580)
	at java.base/sun.reflect.misc.MethodUtil.invoke(MethodUtil.java:97)
	at java.management/com.sun.jmx.mbeanserver.ConvertingMethod.invokeWithOpenReturn(ConvertingMethod.java:193)
	at java.management/com.sun.jmx.mbeanserver.ConvertingMethod.invokeWithOpenReturn(ConvertingMethod.java:175)
	at java.management/com.sun.jmx.mbeanserver.MXBeanIntrospector.invokeM2(MXBeanIntrospector.java:115)
	at java.management/com.sun.jmx.mbeanserver.MXBeanIntrospector.invokeM2(MXBeanIntrospector.java:52)
	at java.management/com.sun.jmx.mbeanserver.MBeanIntrospector.invokeM(MBeanIntrospector.java:236)
	at java.management/com.sun.jmx.mbeanserver.PerInterface.invoke(PerInterface.java:138)
	at java.management/com.sun.jmx.mbeanserver.MBeanSupport.invoke(MBeanSupport.java:252)
	at java.management/com.sun.jmx.interceptor.DefaultMBeanServerInterceptor.invoke(DefaultMBeanServerInterceptor.java:803)
	at java.management/com.sun.jmx.mbeanserver.JmxMBeanServer.invoke(JmxMBeanServer.java:802)
	at java.management.rmi/javax.management.remote.rmi.RMIConnectionImpl.doOperation(RMIConnectionImpl.java:1472)
	at java.management.rmi/javax.management.remote.rmi.RMIConnectionImpl$PrivilegedOperation.run(RMIConnectionImpl.java:1310)
	at java.management.rmi/javax.management.remote.rmi.RMIConnectionImpl.doPrivilegedOperation(RMIConnectionImpl.java:1405)
	at java.management.rmi/javax.management.remote.rmi.RMIConnectionImpl.invoke(RMIConnectionImpl.java:829)
	at java.base/jdk.internal.reflect.DirectMethodHandleAccessor.invoke(DirectMethodHandleAccessor.java:103)
	at java.base/java.lang.reflect.Method.invoke(Method.java:580)
	at java.rmi/sun.rmi.server.UnicastServerRef.dispatch(UnicastServerRef.java:360)
	at java.rmi/sun.rmi.transport.Transport$1.run(Transport.java:200)
	at java.rmi/sun.rmi.transport.Transport$1.run(Transport.java:197)
	at java.base/java.security.AccessController.doPrivileged(AccessController.java:714)
	at java.rmi/sun.rmi.transport.Transport.serviceCall(Transport.java:196)
	at java.rmi/sun.rmi.transport.tcp.TCPTransport.handleMessages(TCPTransport.java:598)
	at java.rmi/sun.rmi.transport.tcp.TCPTransport$ConnectionHandler.run0(TCPTransport.java:844)
	at java.rmi/sun.rmi.transport.tcp.TCPTransport$ConnectionHandler.lambda$run$0(TCPTransport.java:721)
	at java.base/java.security.AccessController.doPrivileged(AccessController.java:400)
	at java.rmi/sun.rmi.transport.tcp.TCPTransport$ConnectionHandler.run(TCPTransport.java:720)
	at java.base/java.util.concurrent.ThreadPoolExecutor.runWorker(ThreadPoolExecutor.java:1144)
	at java.base/java.util.concurrent.ThreadPoolExecutor$Worker.run(ThreadPoolExecutor.java:642)
	at java.base/java.lang.Thread.run(Thread.java:1583)
Caused by: org.apache.hc.client5.http.HttpHostConnectException: Connect to http://localhost:8761 [localhost/127.0.0.1, localhost/0:0:0:0:0:0:0:1] failed: Connection refused: getsockopt
	at java.base/sun.nio.ch.Net.pollConnect(Native Method)
	at java.base/sun.nio.ch.Net.pollConnectNow(Net.java:690)
	at java.base/sun.nio.ch.NioSocketImpl.timedFinishConnect(NioSocketImpl.java:542)
	at java.base/sun.nio.ch.NioSocketImpl.connect(NioSocketImpl.java:592)
	at java.base/java.net.SocksSocketImpl.connect(SocksSocketImpl.java:327)
	at java.base/java.net.Socket.connect(Socket.java:751)
	at org.apache.hc.client5.http.socket.PlainConnectionSocketFactory.lambda$connectSocket$0(PlainConnectionSocketFactory.java:91)
	at java.base/java.security.AccessController.doPrivileged(AccessController.java:571)
	at org.apache.hc.client5.http.socket.PlainConnectionSocketFactory.connectSocket(PlainConnectionSocketFactory.java:90)
	at org.apache.hc.client5.http.socket.ConnectionSocketFactory.connectSocket(ConnectionSocketFactory.java:123)
	at org.apache.hc.client5.http.impl.io.DefaultHttpClientConnectionOperator.connect(DefaultHttpClientConnectionOperator.java:189)
	at org.apache.hc.client5.http.impl.io.PoolingHttpClientConnectionManager.connect(PoolingHttpClientConnectionManager.java:450)
	at org.apache.hc.client5.http.impl.classic.InternalExecRuntime.connectEndpoint(InternalExecRuntime.java:162)
	at org.apache.hc.client5.http.impl.classic.InternalExecRuntime.connectEndpoint(InternalExecRuntime.java:172)
	at org.apache.hc.client5.http.impl.classic.ConnectExec.execute(ConnectExec.java:142)
	at org.apache.hc.client5.http.impl.classic.ExecChainElement.execute(ExecChainElement.java:51)
	at org.apache.hc.client5.http.impl.classic.ProtocolExec.execute(ProtocolExec.java:192)
	at org.apache.hc.client5.http.impl.classic.ExecChainElement.execute(ExecChainElement.java:51)
	at org.apache.hc.client5.http.impl.classic.HttpRequestRetryExec.execute(HttpRequestRetryExec.java:113)
	at org.apache.hc.client5.http.impl.classic.ExecChainElement.execute(ExecChainElement.java:51)
	at org.apache.hc.client5.http.impl.classic.ContentCompressionExec.execute(ContentCompressionExec.java:152)
	at org.apache.hc.client5.http.impl.classic.ExecChainElement.execute(ExecChainElement.java:51)
	at org.apache.hc.client5.http.impl.classic.RedirectExec.execute(RedirectExec.java:116)
	at org.apache.hc.client5.http.impl.classic.ExecChainElement.execute(ExecChainElement.java:51)
	at org.apache.hc.client5.http.impl.classic.InternalHttpClient.doExecute(InternalHttpClient.java:170)
	at org.apache.hc.client5.http.impl.classic.CloseableHttpClient.execute(CloseableHttpClient.java:87)
	at org.apache.hc.client5.http.impl.classic.CloseableHttpClient.execute(CloseableHttpClient.java:55)
	at org.apache.hc.client5.http.classic.HttpClient.executeOpen(HttpClient.java:183)
	at org.springframework.http.client.HttpComponentsClientHttpRequest.executeInternal(HttpComponentsClientHttpRequest.java:99)
	at org.springframework.http.client.AbstractStreamingClientHttpRequest.executeInternal(AbstractStreamingClientHttpRequest.java:70)
	at org.springframework.http.client.AbstractClientHttpRequest.execute(AbstractClientHttpRequest.java:66)
	at org.springframework.http.client.InterceptingClientHttpRequest$InterceptingRequestExecution.execute(InterceptingClientHttpRequest.java:112)
	at org.springframework.cloud.netflix.eureka.http.RestTemplateTransportClientFactory.lambda$restTemplate$3(RestTemplateTransportClientFactory.java:170)
	at org.springframework.http.client.InterceptingClientHttpRequest$InterceptingRequestExecution.execute(InterceptingClientHttpRequest.java:88)
	at org.springframework.http.client.InterceptingClientHttpRequest.executeInternal(InterceptingClientHttpRequest.java:72)
	at org.springframework.http.client.AbstractBufferingClientHttpRequest.executeInternal(AbstractBufferingClientHttpRequest.java:48)
	at org.springframework.http.client.AbstractClientHttpRequest.execute(AbstractClientHttpRequest.java:66)
	at org.springframework.web.client.RestTemplate.doExecute(RestTemplate.java:889)
	... 69 more

2026-05-11 16:29:38
                [RMI TCP Connection(9)-127.0.0.1]
                WARN 
                c.n.d.s.t.d.RetryableEurekaHttpClient
                - Request execution failed with message: I/O error on DELETE request for "http://localhost:8761/eureka/apps/AUCTION-SERVICE/192.168.1.103:AUCTION-SERVICE:8084": Connect to http://localhost:8761 [localhost/127.0.0.1, localhost/0:0:0:0:0:0:0:1] failed: Connection refused: getsockopt
2026-05-11 16:29:38
                [RMI TCP Connection(9)-127.0.0.1]
                ERROR
                c.netflix.discovery.DiscoveryClient
                - DiscoveryClient_AUCTION-SERVICE/192.168.1.103:AUCTION-SERVICE:8084 - de-registration failedCannot execute request on any known server
com.netflix.discovery.shared.transport.TransportException: Cannot execute request on any known server
	at com.netflix.discovery.shared.transport.decorator.RetryableEurekaHttpClient.execute(RetryableEurekaHttpClient.java:112)
	at com.netflix.discovery.shared.transport.decorator.EurekaHttpClientDecorator.cancel(EurekaHttpClientDecorator.java:71)
	at com.netflix.discovery.shared.transport.decorator.EurekaHttpClientDecorator$2.execute(EurekaHttpClientDecorator.java:74)
	at com.netflix.discovery.shared.transport.decorator.SessionedEurekaHttpClient.execute(SessionedEurekaHttpClient.java:76)
	at com.netflix.discovery.shared.transport.decorator.EurekaHttpClientDecorator.cancel(EurekaHttpClientDecorator.java:71)
	at com.netflix.discovery.DiscoveryClient.unregister(DiscoveryClient.java:919)
	at com.netflix.discovery.DiscoveryClient.shutdown(DiscoveryClient.java:900)
	at java.base/jdk.internal.reflect.DirectMethodHandleAccessor.invoke(DirectMethodHandleAccessor.java:103)
	at java.base/java.lang.reflect.Method.invoke(Method.java:580)
	at org.springframework.beans.factory.annotation.InitDestroyAnnotationBeanPostProcessor$LifecycleMethod.invoke(InitDestroyAnnotationBeanPostProcessor.java:457)
	at org.springframework.beans.factory.annotation.InitDestroyAnnotationBeanPostProcessor$LifecycleMetadata.invokeDestroyMethods(InitDestroyAnnotationBeanPostProcessor.java:415)
	at org.springframework.beans.factory.annotation.InitDestroyAnnotationBeanPostProcessor.postProcessBeforeDestruction(InitDestroyAnnotationBeanPostProcessor.java:239)
	at org.springframework.beans.factory.support.DisposableBeanAdapter.destroy(DisposableBeanAdapter.java:202)
	at org.springframework.beans.factory.support.DisposableBeanAdapter.run(DisposableBeanAdapter.java:195)
	at org.springframework.cloud.context.scope.GenericScope$BeanLifecycleWrapper.destroy(GenericScope.java:389)
	at org.springframework.cloud.context.scope.GenericScope.destroy(GenericScope.java:136)
	at org.springframework.beans.factory.support.DisposableBeanAdapter.destroy(DisposableBeanAdapter.java:211)
	at org.springframework.beans.factory.support.DefaultSingletonBeanRegistry.destroyBean(DefaultSingletonBeanRegistry.java:587)
	at org.springframework.beans.factory.support.DefaultSingletonBeanRegistry.destroySingleton(DefaultSingletonBeanRegistry.java:559)
	at org.springframework.beans.factory.support.DefaultListableBeanFactory.destroySingleton(DefaultListableBeanFactory.java:1202)
	at org.springframework.beans.factory.support.DefaultSingletonBeanRegistry.destroySingletons(DefaultSingletonBeanRegistry.java:520)
	at org.springframework.beans.factory.support.DefaultListableBeanFactory.destroySingletons(DefaultListableBeanFactory.java:1195)
	at org.springframework.context.support.AbstractApplicationContext.destroyBeans(AbstractApplicationContext.java:1195)
	at org.springframework.context.support.AbstractApplicationContext.doClose(AbstractApplicationContext.java:1156)
	at org.springframework.boot.web.servlet.context.ServletWebServerApplicationContext.doClose(ServletWebServerApplicationContext.java:174)
	at org.springframework.context.support.AbstractApplicationContext.close(AbstractApplicationContext.java:1102)
	at org.springframework.boot.admin.SpringApplicationAdminMXBeanRegistrar$SpringApplicationAdmin.shutdown(SpringApplicationAdminMXBeanRegistrar.java:160)
	at java.base/jdk.internal.reflect.DirectMethodHandleAccessor.invoke(DirectMethodHandleAccessor.java:103)
	at java.base/java.lang.reflect.Method.invoke(Method.java:580)
	at sun.reflect.misc.Trampoline.invoke(MethodUtil.java:64)
	at java.base/jdk.internal.reflect.DirectMethodHandleAccessor.invoke(DirectMethodHandleAccessor.java:103)
	at java.base/java.lang.reflect.Method.invoke(Method.java:580)
	at java.base/sun.reflect.misc.MethodUtil.invoke(MethodUtil.java:97)
	at java.management/com.sun.jmx.mbeanserver.ConvertingMethod.invokeWithOpenReturn(ConvertingMethod.java:193)
	at java.management/com.sun.jmx.mbeanserver.ConvertingMethod.invokeWithOpenReturn(ConvertingMethod.java:175)
	at java.management/com.sun.jmx.mbeanserver.MXBeanIntrospector.invokeM2(MXBeanIntrospector.java:115)
	at java.management/com.sun.jmx.mbeanserver.MXBeanIntrospector.invokeM2(MXBeanIntrospector.java:52)
	at java.management/com.sun.jmx.mbeanserver.MBeanIntrospector.invokeM(MBeanIntrospector.java:236)
	at java.management/com.sun.jmx.mbeanserver.PerInterface.invoke(PerInterface.java:138)
	at java.management/com.sun.jmx.mbeanserver.MBeanSupport.invoke(MBeanSupport.java:252)
	at java.management/com.sun.jmx.interceptor.DefaultMBeanServerInterceptor.invoke(DefaultMBeanServerInterceptor.java:803)
	at java.management/com.sun.jmx.mbeanserver.JmxMBeanServer.invoke(JmxMBeanServer.java:802)
	at java.management.rmi/javax.management.remote.rmi.RMIConnectionImpl.doOperation(RMIConnectionImpl.java:1472)
	at java.management.rmi/javax.management.remote.rmi.RMIConnectionImpl$PrivilegedOperation.run(RMIConnectionImpl.java:1310)
	at java.management.rmi/javax.management.remote.rmi.RMIConnectionImpl.doPrivilegedOperation(RMIConnectionImpl.java:1405)
	at java.management.rmi/javax.management.remote.rmi.RMIConnectionImpl.invoke(RMIConnectionImpl.java:829)
	at java.base/jdk.internal.reflect.DirectMethodHandleAccessor.invoke(DirectMethodHandleAccessor.java:103)
	at java.base/java.lang.reflect.Method.invoke(Method.java:580)
	at java.rmi/sun.rmi.server.UnicastServerRef.dispatch(UnicastServerRef.java:360)
	at java.rmi/sun.rmi.transport.Transport$1.run(Transport.java:200)
	at java.rmi/sun.rmi.transport.Transport$1.run(Transport.java:197)
	at java.base/java.security.AccessController.doPrivileged(AccessController.java:714)
	at java.rmi/sun.rmi.transport.Transport.serviceCall(Transport.java:196)
	at java.rmi/sun.rmi.transport.tcp.TCPTransport.handleMessages(TCPTransport.java:598)
	at java.rmi/sun.rmi.transport.tcp.TCPTransport$ConnectionHandler.run0(TCPTransport.java:844)
	at java.rmi/sun.rmi.transport.tcp.TCPTransport$ConnectionHandler.lambda$run$0(TCPTransport.java:721)
	at java.base/java.security.AccessController.doPrivileged(AccessController.java:400)
	at java.rmi/sun.rmi.transport.tcp.TCPTransport$ConnectionHandler.run(TCPTransport.java:720)
	at java.base/java.util.concurrent.ThreadPoolExecutor.runWorker(ThreadPoolExecutor.java:1144)
	at java.base/java.util.concurrent.ThreadPoolExecutor$Worker.run(ThreadPoolExecutor.java:642)
	at java.base/java.lang.Thread.run(Thread.java:1583)
2026-05-11 16:29:38
                [RMI TCP Connection(9)-127.0.0.1]
                INFO 
                c.netflix.discovery.DiscoveryClient
                - Completed shut down of DiscoveryClient
2026-05-11 20:42:24 [main] [] INFO  c.auction.AuctionServiceApplication - Starting AuctionServiceApplication using Java 21.0.9 with PID 11408 (C:\Users\stash\case-study\auction-service\target\classes started by Poornachandra in C:\Users\stash\case-study\auction-service)
2026-05-11 20:42:24 [main] [] DEBUG c.auction.AuctionServiceApplication - Running with Spring Boot v3.3.5, Spring v6.1.14
2026-05-11 20:42:24 [main] [] INFO  c.auction.AuctionServiceApplication - No active profile set, falling back to 1 default profile: "default"
2026-05-11 20:42:29 [main] [] INFO  o.s.d.r.c.RepositoryConfigurationDelegate - Bootstrapping Spring Data JPA repositories in DEFAULT mode.
2026-05-11 20:42:31 [main] [] INFO  o.s.d.r.c.RepositoryConfigurationDelegate - Finished Spring Data repository scanning in 1270 ms. Found 2 JPA repository interfaces.
2026-05-11 20:42:32 [main] [] INFO  o.s.cloud.context.scope.GenericScope - BeanFactory id=cdf47ffd-b434-3553-875c-ce1ba802832f
2026-05-11 20:42:34 [main] [] WARN  o.s.c.s.PostProcessorRegistrationDelegate$BeanPostProcessorChecker - Bean 'org.springframework.cloud.client.loadbalancer.LoadBalancerAutoConfiguration$DeferringLoadBalancerInterceptorConfig' of type [org.springframework.cloud.client.loadbalancer.LoadBalancerAutoConfiguration$DeferringLoadBalancerInterceptorConfig] is not eligible for getting processed by all BeanPostProcessors (for example: not eligible for auto-proxying). The currently created BeanPostProcessor [lbRestClientPostProcessor] is declared through a non-static factory method on that class; consider declaring it as static instead.
2026-05-11 20:42:34 [main] [] WARN  o.s.c.s.PostProcessorRegistrationDelegate$BeanPostProcessorChecker - Bean 'deferringLoadBalancerInterceptor' of type [org.springframework.cloud.client.loadbalancer.DeferringLoadBalancerInterceptor] is not eligible for getting processed by all BeanPostProcessors (for example: not eligible for auto-proxying). Is this bean getting eagerly injected/applied to a currently created BeanPostProcessor [lbRestClientPostProcessor]? Check the corresponding BeanPostProcessor declaration and its dependencies/advisors. If this bean does not have to be post-processed, declare it with ROLE_INFRASTRUCTURE.
2026-05-11 20:42:36 [main] [] INFO  o.s.b.w.e.tomcat.TomcatWebServer - Tomcat initialized with port 8084 (http)
2026-05-11 20:42:36 [main] [] INFO  o.a.catalina.core.StandardService - Starting service [Tomcat]
2026-05-11 20:42:36 [main] [] INFO  o.a.catalina.core.StandardEngine - Starting Servlet engine: [Apache Tomcat/10.1.31]
2026-05-11 20:42:36 [main] [] INFO  o.a.c.c.C.[Tomcat].[localhost].[/] - Initializing Spring embedded WebApplicationContext
2026-05-11 20:42:36 [main] [] INFO  o.s.b.w.s.c.ServletWebServerApplicationContext - Root WebApplicationContext: initialization completed in 11353 ms
2026-05-11 20:42:36 [main] [] DEBUG c.auction.filter.CorrelationIdFilter - Filter 'correlationIdFilter' configured for use
2026-05-11 20:42:37 [main] [] INFO  o.h.jpa.internal.util.LogHelper - HHH000204: Processing PersistenceUnitInfo [name: default]
2026-05-11 20:42:37 [main] [] INFO  org.hibernate.Version - HHH000412: Hibernate ORM core version 6.5.3.Final
2026-05-11 20:42:37 [main] [] INFO  o.h.c.i.RegionFactoryInitiator - HHH000026: Second-level cache disabled
2026-05-11 20:42:39 [main] [] INFO  o.s.o.j.p.SpringPersistenceUnitInfo - No LoadTimeWeaver setup: ignoring JPA class transformer
2026-05-11 20:42:39 [main] [] INFO  com.zaxxer.hikari.HikariDataSource - HikariPool-1 - Starting...
2026-05-11 20:42:40 [main] [] INFO  com.zaxxer.hikari.pool.HikariPool - HikariPool-1 - Added connection com.mysql.cj.jdbc.ConnectionImpl@7169d668
2026-05-11 20:42:40 [main] [] INFO  com.zaxxer.hikari.HikariDataSource - HikariPool-1 - Start completed.
2026-05-11 20:42:41 [main] [] WARN  org.hibernate.orm.deprecation - HHH90000025: MySQL8Dialect does not need to be specified explicitly using 'hibernate.dialect' (remove the property setting and it will be selected by default)
2026-05-11 20:42:41 [main] [] WARN  org.hibernate.orm.deprecation - HHH90000026: MySQL8Dialect has been deprecated; use org.hibernate.dialect.MySQLDialect instead
2026-05-11 20:42:44 [main] [] INFO  o.h.e.t.j.p.i.JtaPlatformInitiator - HHH000489: No JTA platform available (set 'hibernate.transaction.jta.platform' to enable JTA platform integration)
2026-05-11 20:42:45 [main] [] INFO  o.s.o.j.LocalContainerEntityManagerFactoryBean - Initialized JPA EntityManagerFactory for persistence unit 'default'
2026-05-11 20:42:46 [main] [] INFO  o.s.d.j.r.query.QueryEnhancerFactory - Hibernate is in classpath; If applicable, HQL parser will be used.
2026-05-11 20:42:49 [main] [] WARN  o.s.b.a.o.j.JpaBaseConfiguration$JpaWebConfiguration - spring.jpa.open-in-view is enabled by default. Therefore, database queries may be performed during view rendering. Explicitly configure spring.jpa.open-in-view to disable this warning
2026-05-11 20:42:51 [main] [] INFO  o.s.c.o.FeignClientFactoryBean - For 'USER-SERVICE' URL not provided. Will try picking an instance via load-balancing.
2026-05-11 20:42:57 [main] [] INFO  o.s.c.n.e.c.DiscoveryClientOptionalArgsConfiguration - Eureka HTTP Client uses RestTemplate.
2026-05-11 20:42:57 [main] [] WARN  o.s.c.l.c.LoadBalancerCacheAutoConfiguration$LoadBalancerCaffeineWarnLogger - Spring Cloud LoadBalancer is currently working with the default cache. While this cache implementation is useful for development and tests, it's recommended to use Caffeine cache in production.You can switch to using Caffeine cache, by adding it and org.springframework.cache.caffeine.CaffeineCacheManager to the classpath.
2026-05-11 20:42:57 [main] [] INFO  o.s.c.n.eureka.InstanceInfoFactory - Setting initial instance status as: STARTING
2026-05-11 20:42:58 [main] [] INFO  c.netflix.discovery.DiscoveryClient - Initializing Eureka in region us-east-1
2026-05-11 20:42:58 [main] [] INFO  c.n.d.s.r.aws.ConfigClusterResolver - Resolving eureka endpoints via configuration
2026-05-11 20:42:58 [main] [] INFO  c.netflix.discovery.DiscoveryClient - Disable delta property : false
2026-05-11 20:42:58 [main] [] INFO  c.netflix.discovery.DiscoveryClient - Single vip registry refresh property : null
2026-05-11 20:42:58 [main] [] INFO  c.netflix.discovery.DiscoveryClient - Force full registry fetch : false
2026-05-11 20:42:58 [main] [] INFO  c.netflix.discovery.DiscoveryClient - Application is null : false
2026-05-11 20:42:58 [main] [] INFO  c.netflix.discovery.DiscoveryClient - Registered Applications size is zero : true
2026-05-11 20:42:58 [main] [] INFO  c.netflix.discovery.DiscoveryClient - Application version is -1: true
2026-05-11 20:42:58 [main] [] INFO  c.netflix.discovery.DiscoveryClient - Getting all instance registry info from the eureka server
2026-05-11 20:42:59 [main] [] INFO  c.netflix.discovery.DiscoveryClient - The response status is 200
2026-05-11 20:42:59 [main] [] INFO  c.netflix.discovery.DiscoveryClient - Starting heartbeat executor: renew interval is: 30
2026-05-11 20:42:59 [main] [] INFO  c.n.discovery.InstanceInfoReplicator - InstanceInfoReplicator onDemand update allowed rate per min is 4
2026-05-11 20:42:59 [main] [] INFO  c.netflix.discovery.DiscoveryClient - Discovery Client initialized at timestamp 1778512379386 with initial instances count: 0
2026-05-11 20:42:59 [main] [] INFO  o.s.c.n.e.s.EurekaServiceRegistry - Registering application AUCTION-SERVICE with eureka with status UP
2026-05-11 20:42:59 [main] [] INFO  c.netflix.discovery.DiscoveryClient - Saw local status change event StatusChangeEvent [timestamp=1778512379434, current=UP, previous=STARTING]
2026-05-11 20:42:59 [DiscoveryClient-InstanceInfoReplicator-%d] [] INFO  c.netflix.discovery.DiscoveryClient - DiscoveryClient_AUCTION-SERVICE/192.168.1.100:auction-service:8084: registering service...
2026-05-11 20:42:59 [main] [] INFO  o.s.b.w.e.tomcat.TomcatWebServer - Tomcat started on port 8084 (http) with context path '/'
2026-05-11 20:42:59 [main] [] INFO  o.s.c.n.e.s.EurekaAutoServiceRegistration - Updating port to 8084
2026-05-11 20:42:59 [main] [] INFO  c.auction.AuctionServiceApplication - Started AuctionServiceApplication in 36.331 seconds (process running for 39.59)
2026-05-11 20:42:59 [scheduling-1] [] INFO  com.auction.logging.LoggingAspect - [SCHEDULER] Method Started -> com.auction.scheduler.AuctionScheduler.updateAuctionStatus()
2026-05-11 20:42:59 [scheduling-1] [] DEBUG com.auction.logging.LoggingAspect - [SCHEDULER] Arguments -> []
2026-05-11 20:42:59 [scheduling-1] [] INFO  c.auction.scheduler.AuctionScheduler - Auction scheduler triggered
2026-05-11 20:42:59 [DiscoveryClient-InstanceInfoReplicator-%d] [] INFO  c.netflix.discovery.DiscoveryClient - DiscoveryClient_AUCTION-SERVICE/192.168.1.100:auction-service:8084 - registration status: 204
2026-05-11 20:42:59 [scheduling-1] [] DEBUG org.hibernate.SQL - 
    select
        a1_0.id,
        a1_0.base_price,
        a1_0.current_highest_bid,
        a1_0.end_time,
        a1_0.highest_bidder_id,
        a1_0.item_id,
        a1_0.seller_id,
        a1_0.start_time,
        a1_0.status,
        a1_0.winner_id 
    from
        auction a1_0 
    where
        a1_0.status=? 
        and a1_0.start_time<?
2026-05-11 20:42:59 [scheduling-1] [] DEBUG org.hibernate.SQL - 
    select
        a1_0.id,
        a1_0.base_price,
        a1_0.current_highest_bid,
        a1_0.end_time,
        a1_0.highest_bidder_id,
        a1_0.item_id,
        a1_0.seller_id,
        a1_0.start_time,
        a1_0.status,
        a1_0.winner_id 
    from
        auction a1_0 
    where
        a1_0.status=? 
        and a1_0.end_time<?
2026-05-11 20:42:59 [scheduling-1] [] INFO  com.auction.logging.LoggingAspect - [SCHEDULER] Method Completed -> com.auction.scheduler.AuctionScheduler.updateAuctionStatus() | Execution Time: 352 ms
2026-05-11 20:42:59 [scheduling-1] [] DEBUG com.auction.logging.LoggingAspect - [SCHEDULER] Return Value -> null
2026-05-11 20:43:29 [DiscoveryClient-CacheRefreshExecutor-%d] [] INFO  c.netflix.discovery.DiscoveryClient - Disable delta property : false
2026-05-11 20:43:29 [DiscoveryClient-CacheRefreshExecutor-%d] [] INFO  c.netflix.discovery.DiscoveryClient - Single vip registry refresh property : null
2026-05-11 20:43:29 [DiscoveryClient-CacheRefreshExecutor-%d] [] INFO  c.netflix.discovery.DiscoveryClient - Force full registry fetch : false
2026-05-11 20:43:29 [DiscoveryClient-CacheRefreshExecutor-%d] [] INFO  c.netflix.discovery.DiscoveryClient - Application is null : false
2026-05-11 20:43:29 [DiscoveryClient-CacheRefreshExecutor-%d] [] INFO  c.netflix.discovery.DiscoveryClient - Registered Applications size is zero : true
2026-05-11 20:43:29 [DiscoveryClient-CacheRefreshExecutor-%d] [] INFO  c.netflix.discovery.DiscoveryClient - Application version is -1: false
2026-05-11 20:43:29 [DiscoveryClient-CacheRefreshExecutor-%d] [] INFO  c.netflix.discovery.DiscoveryClient - Getting all instance registry info from the eureka server
2026-05-11 20:43:29 [scheduling-1] [] INFO  com.auction.logging.LoggingAspect - [SCHEDULER] Method Started -> com.auction.scheduler.AuctionScheduler.updateAuctionStatus()
2026-05-11 20:43:29 [scheduling-1] [] DEBUG com.auction.logging.LoggingAspect - [SCHEDULER] Arguments -> []
2026-05-11 20:43:29 [scheduling-1] [] INFO  c.auction.scheduler.AuctionScheduler - Auction scheduler triggered
2026-05-11 20:43:30 [scheduling-1] [] DEBUG org.hibernate.SQL - 
    select
        a1_0.id,
        a1_0.base_price,
        a1_0.current_highest_bid,
        a1_0.end_time,
        a1_0.highest_bidder_id,
        a1_0.item_id,
        a1_0.seller_id,
        a1_0.start_time,
        a1_0.status,
        a1_0.winner_id 
    from
        auction a1_0 
    where
        a1_0.status=? 
        and a1_0.start_time<?
2026-05-11 20:43:31 [scheduling-1] [] DEBUG org.hibernate.SQL - 
    select
        a1_0.id,
        a1_0.base_price,
        a1_0.current_highest_bid,
        a1_0.end_time,
        a1_0.highest_bidder_id,
        a1_0.item_id,
        a1_0.seller_id,
        a1_0.start_time,
        a1_0.status,
        a1_0.winner_id 
    from
        auction a1_0 
    where
        a1_0.status=? 
        and a1_0.end_time<?
2026-05-11 20:43:31 [scheduling-1] [] INFO  com.auction.logging.LoggingAspect - [SCHEDULER] Method Completed -> com.auction.scheduler.AuctionScheduler.updateAuctionStatus() | Execution Time: 1682 ms
2026-05-11 20:43:31 [scheduling-1] [] DEBUG com.auction.logging.LoggingAspect - [SCHEDULER] Return Value -> null
2026-05-11 20:43:31 [DiscoveryClient-CacheRefreshExecutor-%d] [] INFO  c.netflix.discovery.DiscoveryClient - The response status is 200
2026-05-11 20:43:46 [http-nio-8084-exec-2] [] INFO  o.a.c.c.C.[Tomcat].[localhost].[/] - Initializing Spring DispatcherServlet 'dispatcherServlet'
2026-05-11 20:43:46 [http-nio-8084-exec-2] [] INFO  o.s.web.servlet.DispatcherServlet - Initializing Servlet 'dispatcherServlet'
2026-05-11 20:43:46 [http-nio-8084-exec-2] [] INFO  o.s.web.servlet.DispatcherServlet - Completed initialization in 126 ms
2026-05-11 20:43:47 [http-nio-8084-exec-2] [71413a75-1201-4ec5-ba0f-557129afd90f] INFO  com.auction.logging.LoggingAspect - [CONTROLLER] Method Started -> com.auction.controller.AuctionController.createAuction()
2026-05-11 20:43:47 [http-nio-8084-exec-2] [71413a75-1201-4ec5-ba0f-557129afd90f] DEBUG com.auction.logging.LoggingAspect - [CONTROLLER] Arguments -> [AuctionRequest(itemId=1, sellerId=2, basePrice=5000.0, startTime=2026-04-12T17:09, endTime=2026-04-12T19:00)]
2026-05-11 20:43:47 [http-nio-8084-exec-2] [71413a75-1201-4ec5-ba0f-557129afd90f] INFO  c.a.controller.AuctionController - Create auction request received for sellerId: 2
2026-05-11 20:43:47 [http-nio-8084-exec-2] [71413a75-1201-4ec5-ba0f-557129afd90f] INFO  com.auction.logging.LoggingAspect - [SERVICE] Method Started -> com.auction.service.AuctionServiceImpl.createAuction()
2026-05-11 20:43:47 [http-nio-8084-exec-2] [71413a75-1201-4ec5-ba0f-557129afd90f] DEBUG com.auction.logging.LoggingAspect - [SERVICE] Arguments -> [AuctionRequest(itemId=1, sellerId=2, basePrice=5000.0, startTime=2026-04-12T17:09, endTime=2026-04-12T19:00)]
2026-05-11 20:43:47 [http-nio-8084-exec-2] [71413a75-1201-4ec5-ba0f-557129afd90f] INFO  c.auction.service.AuctionServiceImpl - Creating auction for sellerId: 2
2026-05-11 20:43:47 [http-nio-8084-exec-2] [71413a75-1201-4ec5-ba0f-557129afd90f] DEBUG org.hibernate.SQL - 
    insert 
    into
        auction
        (base_price, current_highest_bid, end_time, highest_bidder_id, item_id, seller_id, start_time, status, winner_id) 
    values
        (?, ?, ?, ?, ?, ?, ?, ?, ?)
2026-05-11 20:43:47 [http-nio-8084-exec-2] [71413a75-1201-4ec5-ba0f-557129afd90f] INFO  c.auction.service.AuctionServiceImpl - Auction created successfully with ID: 23
2026-05-11 20:43:47 [http-nio-8084-exec-2] [71413a75-1201-4ec5-ba0f-557129afd90f] INFO  com.auction.logging.LoggingAspect - [SERVICE] Method Completed -> com.auction.service.AuctionServiceImpl.createAuction() | Execution Time: 474 ms
2026-05-11 20:43:47 [http-nio-8084-exec-2] [71413a75-1201-4ec5-ba0f-557129afd90f] DEBUG com.auction.logging.LoggingAspect - [SERVICE] Return Value -> Auction(id=23, itemId=1, sellerId=2, basePrice=5000.0, currentHighestBid=5000.0, highestBidderId=null, winnerId=null, status=CREATED, startTime=2026-04-12T17:09, endTime=2026-04-12T19:00)
2026-05-11 20:43:47 [http-nio-8084-exec-2] [71413a75-1201-4ec5-ba0f-557129afd90f] INFO  c.a.controller.AuctionController - Auction created successfully with ID: 23
2026-05-11 20:43:47 [http-nio-8084-exec-2] [71413a75-1201-4ec5-ba0f-557129afd90f] INFO  com.auction.logging.LoggingAspect - [CONTROLLER] Method Completed -> com.auction.controller.AuctionController.createAuction() | Execution Time: 485 ms
2026-05-11 20:43:47 [http-nio-8084-exec-2] [71413a75-1201-4ec5-ba0f-557129afd90f] DEBUG com.auction.logging.LoggingAspect - [CONTROLLER] Return Value -> Auction(id=23, itemId=1, sellerId=2, basePrice=5000.0, currentHighestBid=5000.0, highestBidderId=null, winnerId=null, status=CREATED, startTime=2026-04-12T17:09, endTime=2026-04-12T19:00)
2026-05-11 20:43:59 [scheduling-1] [] INFO  com.auction.logging.LoggingAspect - [SCHEDULER] Method Started -> com.auction.scheduler.AuctionScheduler.updateAuctionStatus()
2026-05-11 20:43:59 [scheduling-1] [] DEBUG com.auction.logging.LoggingAspect - [SCHEDULER] Arguments -> []
2026-05-11 20:43:59 [scheduling-1] [] INFO  c.auction.scheduler.AuctionScheduler - Auction scheduler triggered
2026-05-11 20:43:59 [scheduling-1] [] DEBUG org.hibernate.SQL - 
    select
        a1_0.id,
        a1_0.base_price,
        a1_0.current_highest_bid,
        a1_0.end_time,
        a1_0.highest_bidder_id,
        a1_0.item_id,
        a1_0.seller_id,
        a1_0.start_time,
        a1_0.status,
        a1_0.winner_id 
    from
        auction a1_0 
    where
        a1_0.status=? 
        and a1_0.start_time<?
2026-05-11 20:43:59 [scheduling-1] [] INFO  com.auction.logging.LoggingAspect - [SERVICE] Method Started -> com.auction.service.AuctionLifecycleServiceImpl.startAuction()
2026-05-11 20:43:59 [scheduling-1] [] DEBUG com.auction.logging.LoggingAspect - [SERVICE] Arguments -> [23]
2026-05-11 20:43:59 [scheduling-1] [] INFO  c.a.s.AuctionLifecycleServiceImpl - Starting auction with ID: 23
2026-05-11 20:43:59 [scheduling-1] [] DEBUG org.hibernate.SQL - 
    select
        a1_0.id,
        a1_0.base_price,
        a1_0.current_highest_bid,
        a1_0.end_time,
        a1_0.highest_bidder_id,
        a1_0.item_id,
        a1_0.seller_id,
        a1_0.start_time,
        a1_0.status,
        a1_0.winner_id 
    from
        auction a1_0 
    where
        a1_0.id=?
2026-05-11 20:43:59 [scheduling-1] [] DEBUG org.hibernate.SQL - 
    select
        a1_0.id,
        a1_0.base_price,
        a1_0.current_highest_bid,
        a1_0.end_time,
        a1_0.highest_bidder_id,
        a1_0.item_id,
        a1_0.seller_id,
        a1_0.start_time,
        a1_0.status,
        a1_0.winner_id 
    from
        auction a1_0 
    where
        a1_0.id=?
2026-05-11 20:43:59 [scheduling-1] [] DEBUG org.hibernate.SQL - 
    update
        auction 
    set
        base_price=?,
        current_highest_bid=?,
        end_time=?,
        highest_bidder_id=?,
        item_id=?,
        seller_id=?,
        start_time=?,
        status=?,
        winner_id=? 
    where
        id=?
2026-05-11 20:43:59 [scheduling-1] [] INFO  c.a.s.AuctionLifecycleServiceImpl - Auction started successfully with ID: 23
2026-05-11 20:43:59 [scheduling-1] [] INFO  com.auction.logging.LoggingAspect - [SERVICE] Method Completed -> com.auction.service.AuctionLifecycleServiceImpl.startAuction() | Execution Time: 300 ms
2026-05-11 20:43:59 [scheduling-1] [] DEBUG com.auction.logging.LoggingAspect - [SERVICE] Return Value -> null
2026-05-11 20:43:59 [scheduling-1] [] INFO  c.auction.scheduler.AuctionScheduler - Auction started with ID: 23
2026-05-11 20:43:59 [scheduling-1] [] DEBUG org.hibernate.SQL - 
    select
        a1_0.id,
        a1_0.base_price,
        a1_0.current_highest_bid,
        a1_0.end_time,
        a1_0.highest_bidder_id,
        a1_0.item_id,
        a1_0.seller_id,
        a1_0.start_time,
        a1_0.status,
        a1_0.winner_id 
    from
        auction a1_0 
    where
        a1_0.status=? 
        and a1_0.end_time<?
2026-05-11 20:43:59 [scheduling-1] [] INFO  com.auction.logging.LoggingAspect - [SERVICE] Method Started -> com.auction.service.AuctionLifecycleServiceImpl.endAuction()
2026-05-11 20:43:59 [scheduling-1] [] DEBUG com.auction.logging.LoggingAspect - [SERVICE] Arguments -> [23]
2026-05-11 20:43:59 [scheduling-1] [] INFO  c.a.s.AuctionLifecycleServiceImpl - Ending auction with ID: 23
2026-05-11 20:43:59 [scheduling-1] [] DEBUG org.hibernate.SQL - 
    select
        a1_0.id,
        a1_0.base_price,
        a1_0.current_highest_bid,
        a1_0.end_time,
        a1_0.highest_bidder_id,
        a1_0.item_id,
        a1_0.seller_id,
        a1_0.start_time,
        a1_0.status,
        a1_0.winner_id 
    from
        auction a1_0 
    where
        a1_0.id=?
2026-05-11 20:43:59 [scheduling-1] [] DEBUG org.hibernate.SQL - 
    select
        b1_0.id,
        b1_0.amount,
        b1_0.auction_id,
        b1_0.timestamp,
        b1_0.user_id 
    from
        bid b1_0 
    where
        b1_0.auction_id=? 
    order by
        b1_0.amount desc 
    limit
        ?
2026-05-11 20:43:59 [scheduling-1] [] WARN  c.a.s.AuctionLifecycleServiceImpl - Auction ended without bids. Auction ID: 23
2026-05-11 20:44:00 [scheduling-1] [] INFO  com.auction.logging.LoggingAspect - [SERVICE] Method Completed -> com.auction.service.AuctionLifecycleServiceImpl.endAuction() | Execution Time: 108 ms
2026-05-11 20:44:00 [scheduling-1] [] DEBUG com.auction.logging.LoggingAspect - [SERVICE] Return Value -> null
2026-05-11 20:44:00 [scheduling-1] [] DEBUG org.hibernate.SQL - 
    update
        auction 
    set
        base_price=?,
        current_highest_bid=?,
        end_time=?,
        highest_bidder_id=?,
        item_id=?,
        seller_id=?,
        start_time=?,
        status=?,
        winner_id=? 
    where
        id=?
2026-05-11 20:44:00 [scheduling-1] [] INFO  c.auction.scheduler.AuctionScheduler - Auction ended with ID: 23
2026-05-11 20:44:00 [scheduling-1] [] INFO  com.auction.logging.LoggingAspect - [SCHEDULER] Method Completed -> com.auction.scheduler.AuctionScheduler.updateAuctionStatus() | Execution Time: 505 ms
2026-05-11 20:44:00 [scheduling-1] [] DEBUG com.auction.logging.LoggingAspect - [SCHEDULER] Return Value -> null
2026-05-11 20:44:29 [scheduling-1] [] INFO  com.auction.logging.LoggingAspect - [SCHEDULER] Method Started -> com.auction.scheduler.AuctionScheduler.updateAuctionStatus()
2026-05-11 20:44:29 [scheduling-1] [] DEBUG com.auction.logging.LoggingAspect - [SCHEDULER] Arguments -> []
2026-05-11 20:44:29 [scheduling-1] [] INFO  c.auction.scheduler.AuctionScheduler - Auction scheduler triggered
2026-05-11 20:44:29 [scheduling-1] [] DEBUG org.hibernate.SQL - 
    select
        a1_0.id,
        a1_0.base_price,
        a1_0.current_highest_bid,
        a1_0.end_time,
        a1_0.highest_bidder_id,
        a1_0.item_id,
        a1_0.seller_id,
        a1_0.start_time,
        a1_0.status,
        a1_0.winner_id 
    from
        auction a1_0 
    where
        a1_0.status=? 
        and a1_0.start_time<?
2026-05-11 20:44:29 [scheduling-1] [] DEBUG org.hibernate.SQL - 
    select
        a1_0.id,
        a1_0.base_price,
        a1_0.current_highest_bid,
        a1_0.end_time,
        a1_0.highest_bidder_id,
        a1_0.item_id,
        a1_0.seller_id,
        a1_0.start_time,
        a1_0.status,
        a1_0.winner_id 
    from
        auction a1_0 
    where
        a1_0.status=? 
        and a1_0.end_time<?
2026-05-11 20:44:29 [scheduling-1] [] INFO  com.auction.logging.LoggingAspect - [SCHEDULER] Method Completed -> com.auction.scheduler.AuctionScheduler.updateAuctionStatus() | Execution Time: 48 ms
2026-05-11 20:44:29 [scheduling-1] [] DEBUG com.auction.logging.LoggingAspect - [SCHEDULER] Return Value -> null
2026-05-11 20:44:33 [http-nio-8084-exec-4] [8e34cfa7-2e38-4085-b545-595e9cf9bf6c] INFO  com.auction.logging.LoggingAspect - [CONTROLLER] Method Started -> com.auction.controller.AuctionController.createAuction()
2026-05-11 20:44:33 [http-nio-8084-exec-4] [8e34cfa7-2e38-4085-b545-595e9cf9bf6c] DEBUG com.auction.logging.LoggingAspect - [CONTROLLER] Arguments -> [AuctionRequest(itemId=1, sellerId=2, basePrice=5000.0, startTime=2026-04-12T17:09, endTime=2026-04-12T19:00)]
2026-05-11 20:44:33 [http-nio-8084-exec-4] [8e34cfa7-2e38-4085-b545-595e9cf9bf6c] INFO  c.a.controller.AuctionController - Create auction request received for sellerId: 2
2026-05-11 20:44:33 [http-nio-8084-exec-4] [8e34cfa7-2e38-4085-b545-595e9cf9bf6c] INFO  com.auction.logging.LoggingAspect - [SERVICE] Method Started -> com.auction.service.AuctionServiceImpl.createAuction()
2026-05-11 20:44:33 [http-nio-8084-exec-4] [8e34cfa7-2e38-4085-b545-595e9cf9bf6c] DEBUG com.auction.logging.LoggingAspect - [SERVICE] Arguments -> [AuctionRequest(itemId=1, sellerId=2, basePrice=5000.0, startTime=2026-04-12T17:09, endTime=2026-04-12T19:00)]
2026-05-11 20:44:33 [http-nio-8084-exec-4] [8e34cfa7-2e38-4085-b545-595e9cf9bf6c] INFO  c.auction.service.AuctionServiceImpl - Creating auction for sellerId: 2
2026-05-11 20:44:33 [http-nio-8084-exec-4] [8e34cfa7-2e38-4085-b545-595e9cf9bf6c] DEBUG org.hibernate.SQL - 
    insert 
    into
        auction
        (base_price, current_highest_bid, end_time, highest_bidder_id, item_id, seller_id, start_time, status, winner_id) 
    values
        (?, ?, ?, ?, ?, ?, ?, ?, ?)
2026-05-11 20:44:33 [http-nio-8084-exec-4] [8e34cfa7-2e38-4085-b545-595e9cf9bf6c] INFO  c.auction.service.AuctionServiceImpl - Auction created successfully with ID: 24
2026-05-11 20:44:33 [http-nio-8084-exec-4] [8e34cfa7-2e38-4085-b545-595e9cf9bf6c] INFO  com.auction.logging.LoggingAspect - [SERVICE] Method Completed -> com.auction.service.AuctionServiceImpl.createAuction() | Execution Time: 28 ms
2026-05-11 20:44:33 [http-nio-8084-exec-4] [8e34cfa7-2e38-4085-b545-595e9cf9bf6c] DEBUG com.auction.logging.LoggingAspect - [SERVICE] Return Value -> Auction(id=24, itemId=1, sellerId=2, basePrice=5000.0, currentHighestBid=5000.0, highestBidderId=null, winnerId=null, status=CREATED, startTime=2026-04-12T17:09, endTime=2026-04-12T19:00)
2026-05-11 20:44:33 [http-nio-8084-exec-4] [8e34cfa7-2e38-4085-b545-595e9cf9bf6c] INFO  c.a.controller.AuctionController - Auction created successfully with ID: 24
2026-05-11 20:44:33 [http-nio-8084-exec-4] [8e34cfa7-2e38-4085-b545-595e9cf9bf6c] INFO  com.auction.logging.LoggingAspect - [CONTROLLER] Method Completed -> com.auction.controller.AuctionController.createAuction() | Execution Time: 28 ms
2026-05-11 20:44:33 [http-nio-8084-exec-4] [8e34cfa7-2e38-4085-b545-595e9cf9bf6c] DEBUG com.auction.logging.LoggingAspect - [CONTROLLER] Return Value -> Auction(id=24, itemId=1, sellerId=2, basePrice=5000.0, currentHighestBid=5000.0, highestBidderId=null, winnerId=null, status=CREATED, startTime=2026-04-12T17:09, endTime=2026-04-12T19:00)
2026-05-11 20:44:59 [scheduling-1] [] INFO  com.auction.logging.LoggingAspect - [SCHEDULER] Method Started -> com.auction.scheduler.AuctionScheduler.updateAuctionStatus()
2026-05-11 20:44:59 [scheduling-1] [] DEBUG com.auction.logging.LoggingAspect - [SCHEDULER] Arguments -> []
2026-05-11 20:44:59 [scheduling-1] [] INFO  c.auction.scheduler.AuctionScheduler - Auction scheduler triggered
2026-05-11 20:44:59 [scheduling-1] [] DEBUG org.hibernate.SQL - 
    select
        a1_0.id,
        a1_0.base_price,
        a1_0.current_highest_bid,
        a1_0.end_time,
        a1_0.highest_bidder_id,
        a1_0.item_id,
        a1_0.seller_id,
        a1_0.start_time,
        a1_0.status,
        a1_0.winner_id 
    from
        auction a1_0 
    where
        a1_0.status=? 
        and a1_0.start_time<?
2026-05-11 20:44:59 [scheduling-1] [] INFO  com.auction.logging.LoggingAspect - [SERVICE] Method Started -> com.auction.service.AuctionLifecycleServiceImpl.startAuction()
2026-05-11 20:44:59 [scheduling-1] [] DEBUG com.auction.logging.LoggingAspect - [SERVICE] Arguments -> [24]
2026-05-11 20:44:59 [scheduling-1] [] INFO  c.a.s.AuctionLifecycleServiceImpl - Starting auction with ID: 24
2026-05-11 20:44:59 [scheduling-1] [] DEBUG org.hibernate.SQL - 
    select
        a1_0.id,
        a1_0.base_price,
        a1_0.current_highest_bid,
        a1_0.end_time,
        a1_0.highest_bidder_id,
        a1_0.item_id,
        a1_0.seller_id,
        a1_0.start_time,
        a1_0.status,
        a1_0.winner_id 
    from
        auction a1_0 
    where
        a1_0.id=?
2026-05-11 20:44:59 [scheduling-1] [] DEBUG org.hibernate.SQL - 
    select
        a1_0.id,
        a1_0.base_price,
        a1_0.current_highest_bid,
        a1_0.end_time,
        a1_0.highest_bidder_id,
        a1_0.item_id,
        a1_0.seller_id,
        a1_0.start_time,
        a1_0.status,
        a1_0.winner_id 
    from
        auction a1_0 
    where
        a1_0.id=?
2026-05-11 20:44:59 [scheduling-1] [] DEBUG org.hibernate.SQL - 
    update
        auction 
    set
        base_price=?,
        current_highest_bid=?,
        end_time=?,
        highest_bidder_id=?,
        item_id=?,
        seller_id=?,
        start_time=?,
        status=?,
        winner_id=? 
    where
        id=?
2026-05-11 20:44:59 [scheduling-1] [] INFO  c.a.s.AuctionLifecycleServiceImpl - Auction started successfully with ID: 24
2026-05-11 20:44:59 [scheduling-1] [] INFO  com.auction.logging.LoggingAspect - [SERVICE] Method Completed -> com.auction.service.AuctionLifecycleServiceImpl.startAuction() | Execution Time: 25 ms
2026-05-11 20:44:59 [scheduling-1] [] DEBUG com.auction.logging.LoggingAspect - [SERVICE] Return Value -> null
2026-05-11 20:44:59 [scheduling-1] [] INFO  c.auction.scheduler.AuctionScheduler - Auction started with ID: 24
2026-05-11 20:44:59 [scheduling-1] [] DEBUG org.hibernate.SQL - 
    select
        a1_0.id,
        a1_0.base_price,
        a1_0.current_highest_bid,
        a1_0.end_time,
        a1_0.highest_bidder_id,
        a1_0.item_id,
        a1_0.seller_id,
        a1_0.start_time,
        a1_0.status,
        a1_0.winner_id 
    from
        auction a1_0 
    where
        a1_0.status=? 
        and a1_0.end_time<?
2026-05-11 20:44:59 [scheduling-1] [] INFO  com.auction.logging.LoggingAspect - [SERVICE] Method Started -> com.auction.service.AuctionLifecycleServiceImpl.endAuction()
2026-05-11 20:44:59 [scheduling-1] [] DEBUG com.auction.logging.LoggingAspect - [SERVICE] Arguments -> [24]
2026-05-11 20:44:59 [scheduling-1] [] INFO  c.a.s.AuctionLifecycleServiceImpl - Ending auction with ID: 24
2026-05-11 20:44:59 [scheduling-1] [] DEBUG org.hibernate.SQL - 
    select
        a1_0.id,
        a1_0.base_price,
        a1_0.current_highest_bid,
        a1_0.end_time,
        a1_0.highest_bidder_id,
        a1_0.item_id,
        a1_0.seller_id,
        a1_0.start_time,
        a1_0.status,
        a1_0.winner_id 
    from
        auction a1_0 
    where
        a1_0.id=?
2026-05-11 20:44:59 [scheduling-1] [] DEBUG org.hibernate.SQL - 
    select
        b1_0.id,
        b1_0.amount,
        b1_0.auction_id,
        b1_0.timestamp,
        b1_0.user_id 
    from
        bid b1_0 
    where
        b1_0.auction_id=? 
    order by
        b1_0.amount desc 
    limit
        ?
2026-05-11 20:44:59 [scheduling-1] [] WARN  c.a.s.AuctionLifecycleServiceImpl - Auction ended without bids. Auction ID: 24
2026-05-11 20:44:59 [scheduling-1] [] INFO  com.auction.logging.LoggingAspect - [SERVICE] Method Completed -> com.auction.service.AuctionLifecycleServiceImpl.endAuction() | Execution Time: 8 ms
2026-05-11 20:44:59 [scheduling-1] [] DEBUG com.auction.logging.LoggingAspect - [SERVICE] Return Value -> null
2026-05-11 20:44:59 [scheduling-1] [] DEBUG org.hibernate.SQL - 
    update
        auction 
    set
        base_price=?,
        current_highest_bid=?,
        end_time=?,
        highest_bidder_id=?,
        item_id=?,
        seller_id=?,
        start_time=?,
        status=?,
        winner_id=? 
    where
        id=?
2026-05-11 20:44:59 [scheduling-1] [] INFO  c.auction.scheduler.AuctionScheduler - Auction ended with ID: 24
2026-05-11 20:44:59 [scheduling-1] [] INFO  com.auction.logging.LoggingAspect - [SCHEDULER] Method Completed -> com.auction.scheduler.AuctionScheduler.updateAuctionStatus() | Execution Time: 58 ms
2026-05-11 20:44:59 [scheduling-1] [] DEBUG com.auction.logging.LoggingAspect - [SCHEDULER] Return Value -> null
2026-05-11 20:45:29 [scheduling-1] [] INFO  com.auction.logging.LoggingAspect - [SCHEDULER] Method Started -> com.auction.scheduler.AuctionScheduler.updateAuctionStatus()
2026-05-11 20:45:29 [scheduling-1] [] DEBUG com.auction.logging.LoggingAspect - [SCHEDULER] Arguments -> []
2026-05-11 20:45:29 [scheduling-1] [] INFO  c.auction.scheduler.AuctionScheduler - Auction scheduler triggered
2026-05-11 20:45:29 [scheduling-1] [] DEBUG org.hibernate.SQL - 
    select
        a1_0.id,
        a1_0.base_price,
        a1_0.current_highest_bid,
        a1_0.end_time,
        a1_0.highest_bidder_id,
        a1_0.item_id,
        a1_0.seller_id,
        a1_0.start_time,
        a1_0.status,
        a1_0.winner_id 
    from
        auction a1_0 
    where
        a1_0.status=? 
        and a1_0.start_time<?
2026-05-11 20:45:29 [scheduling-1] [] DEBUG org.hibernate.SQL - 
    select
        a1_0.id,
        a1_0.base_price,
        a1_0.current_highest_bid,
        a1_0.end_time,
        a1_0.highest_bidder_id,
        a1_0.item_id,
        a1_0.seller_id,
        a1_0.start_time,
        a1_0.status,
        a1_0.winner_id 
    from
        auction a1_0 
    where
        a1_0.status=? 
        and a1_0.end_time<?
2026-05-11 20:45:29 [scheduling-1] [] INFO  com.auction.logging.LoggingAspect - [SCHEDULER] Method Completed -> com.auction.scheduler.AuctionScheduler.updateAuctionStatus() | Execution Time: 17 ms
2026-05-11 20:45:29 [scheduling-1] [] DEBUG com.auction.logging.LoggingAspect - [SCHEDULER] Return Value -> null
2026-05-11 20:45:59 [scheduling-1] [] INFO  com.auction.logging.LoggingAspect - [SCHEDULER] Method Started -> com.auction.scheduler.AuctionScheduler.updateAuctionStatus()
2026-05-11 20:45:59 [scheduling-1] [] DEBUG com.auction.logging.LoggingAspect - [SCHEDULER] Arguments -> []
2026-05-11 20:45:59 [scheduling-1] [] INFO  c.auction.scheduler.AuctionScheduler - Auction scheduler triggered
2026-05-11 20:45:59 [scheduling-1] [] DEBUG org.hibernate.SQL - 
    select
        a1_0.id,
        a1_0.base_price,
        a1_0.current_highest_bid,
        a1_0.end_time,
        a1_0.highest_bidder_id,
        a1_0.item_id,
        a1_0.seller_id,
        a1_0.start_time,
        a1_0.status,
        a1_0.winner_id 
    from
        auction a1_0 
    where
        a1_0.status=? 
        and a1_0.start_time<?
2026-05-11 20:45:59 [scheduling-1] [] DEBUG org.hibernate.SQL - 
    select
        a1_0.id,
        a1_0.base_price,
        a1_0.current_highest_bid,
        a1_0.end_time,
        a1_0.highest_bidder_id,
        a1_0.item_id,
        a1_0.seller_id,
        a1_0.start_time,
        a1_0.status,
        a1_0.winner_id 
    from
        auction a1_0 
    where
        a1_0.status=? 
        and a1_0.end_time<?
2026-05-11 20:45:59 [scheduling-1] [] INFO  com.auction.logging.LoggingAspect - [SCHEDULER] Method Completed -> com.auction.scheduler.AuctionScheduler.updateAuctionStatus() | Execution Time: 35 ms
2026-05-11 20:45:59 [scheduling-1] [] DEBUG com.auction.logging.LoggingAspect - [SCHEDULER] Return Value -> null
2026-05-11 20:46:29 [scheduling-1] [] INFO  com.auction.logging.LoggingAspect - [SCHEDULER] Method Started -> com.auction.scheduler.AuctionScheduler.updateAuctionStatus()
2026-05-11 20:46:29 [scheduling-1] [] DEBUG com.auction.logging.LoggingAspect - [SCHEDULER] Arguments -> []
2026-05-11 20:46:29 [scheduling-1] [] INFO  c.auction.scheduler.AuctionScheduler - Auction scheduler triggered
2026-05-11 20:46:29 [scheduling-1] [] DEBUG org.hibernate.SQL - 
    select
        a1_0.id,
        a1_0.base_price,
        a1_0.current_highest_bid,
        a1_0.end_time,
        a1_0.highest_bidder_id,
        a1_0.item_id,
        a1_0.seller_id,
        a1_0.start_time,
        a1_0.status,
        a1_0.winner_id 
    from
        auction a1_0 
    where
        a1_0.status=? 
        and a1_0.start_time<?
2026-05-11 20:46:29 [scheduling-1] [] DEBUG org.hibernate.SQL - 
    select
        a1_0.id,
        a1_0.base_price,
        a1_0.current_highest_bid,
        a1_0.end_time,
        a1_0.highest_bidder_id,
        a1_0.item_id,
        a1_0.seller_id,
        a1_0.start_time,
        a1_0.status,
        a1_0.winner_id 
    from
        auction a1_0 
    where
        a1_0.status=? 
        and a1_0.end_time<?
2026-05-11 20:46:29 [scheduling-1] [] INFO  com.auction.logging.LoggingAspect - [SCHEDULER] Method Completed -> com.auction.scheduler.AuctionScheduler.updateAuctionStatus() | Execution Time: 20 ms
2026-05-11 20:46:29 [scheduling-1] [] DEBUG com.auction.logging.LoggingAspect - [SCHEDULER] Return Value -> null
2026-05-11 20:46:59 [scheduling-1] [] INFO  com.auction.logging.LoggingAspect - [SCHEDULER] Method Started -> com.auction.scheduler.AuctionScheduler.updateAuctionStatus()
2026-05-11 20:46:59 [scheduling-1] [] DEBUG com.auction.logging.LoggingAspect - [SCHEDULER] Arguments -> []
2026-05-11 20:46:59 [scheduling-1] [] INFO  c.auction.scheduler.AuctionScheduler - Auction scheduler triggered
2026-05-11 20:46:59 [scheduling-1] [] DEBUG org.hibernate.SQL - 
    select
        a1_0.id,
        a1_0.base_price,
        a1_0.current_highest_bid,
        a1_0.end_time,
        a1_0.highest_bidder_id,
        a1_0.item_id,
        a1_0.seller_id,
        a1_0.start_time,
        a1_0.status,
        a1_0.winner_id 
    from
        auction a1_0 
    where
        a1_0.status=? 
        and a1_0.start_time<?
2026-05-11 20:46:59 [scheduling-1] [] DEBUG org.hibernate.SQL - 
    select
        a1_0.id,
        a1_0.base_price,
        a1_0.current_highest_bid,
        a1_0.end_time,
        a1_0.highest_bidder_id,
        a1_0.item_id,
        a1_0.seller_id,
        a1_0.start_time,
        a1_0.status,
        a1_0.winner_id 
    from
        auction a1_0 
    where
        a1_0.status=? 
        and a1_0.end_time<?
2026-05-11 20:46:59 [scheduling-1] [] INFO  com.auction.logging.LoggingAspect - [SCHEDULER] Method Completed -> com.auction.scheduler.AuctionScheduler.updateAuctionStatus() | Execution Time: 41 ms
2026-05-11 20:46:59 [scheduling-1] [] DEBUG com.auction.logging.LoggingAspect - [SCHEDULER] Return Value -> null
2026-05-11 20:47:29 [scheduling-1] [] INFO  com.auction.logging.LoggingAspect - [SCHEDULER] Method Started -> com.auction.scheduler.AuctionScheduler.updateAuctionStatus()
2026-05-11 20:47:29 [scheduling-1] [] DEBUG com.auction.logging.LoggingAspect - [SCHEDULER] Arguments -> []
2026-05-11 20:47:29 [scheduling-1] [] INFO  c.auction.scheduler.AuctionScheduler - Auction scheduler triggered
2026-05-11 20:47:29 [scheduling-1] [] DEBUG org.hibernate.SQL - 
    select
        a1_0.id,
        a1_0.base_price,
        a1_0.current_highest_bid,
        a1_0.end_time,
        a1_0.highest_bidder_id,
        a1_0.item_id,
        a1_0.seller_id,
        a1_0.start_time,
        a1_0.status,
        a1_0.winner_id 
    from
        auction a1_0 
    where
        a1_0.status=? 
        and a1_0.start_time<?
2026-05-11 20:47:29 [scheduling-1] [] DEBUG org.hibernate.SQL - 
    select
        a1_0.id,
        a1_0.base_price,
        a1_0.current_highest_bid,
        a1_0.end_time,
        a1_0.highest_bidder_id,
        a1_0.item_id,
        a1_0.seller_id,
        a1_0.start_time,
        a1_0.status,
        a1_0.winner_id 
    from
        auction a1_0 
    where
        a1_0.status=? 
        and a1_0.end_time<?
2026-05-11 20:47:29 [scheduling-1] [] INFO  com.auction.logging.LoggingAspect - [SCHEDULER] Method Completed -> com.auction.scheduler.AuctionScheduler.updateAuctionStatus() | Execution Time: 24 ms
2026-05-11 20:47:29 [scheduling-1] [] DEBUG com.auction.logging.LoggingAspect - [SCHEDULER] Return Value -> null
2026-05-11 20:47:58 [AsyncResolver-bootstrap-executor-%d] [] INFO  c.n.d.s.r.aws.ConfigClusterResolver - Resolving eureka endpoints via configuration
2026-05-11 20:47:59 [scheduling-1] [] INFO  com.auction.logging.LoggingAspect - [SCHEDULER] Method Started -> com.auction.scheduler.AuctionScheduler.updateAuctionStatus()
2026-05-11 20:47:59 [scheduling-1] [] DEBUG com.auction.logging.LoggingAspect - [SCHEDULER] Arguments -> []
2026-05-11 20:47:59 [scheduling-1] [] INFO  c.auction.scheduler.AuctionScheduler - Auction scheduler triggered
2026-05-11 20:47:59 [scheduling-1] [] DEBUG org.hibernate.SQL - 
    select
        a1_0.id,
        a1_0.base_price,
        a1_0.current_highest_bid,
        a1_0.end_time,
        a1_0.highest_bidder_id,
        a1_0.item_id,
        a1_0.seller_id,
        a1_0.start_time,
        a1_0.status,
        a1_0.winner_id 
    from
        auction a1_0 
    where
        a1_0.status=? 
        and a1_0.start_time<?
2026-05-11 20:47:59 [scheduling-1] [] DEBUG org.hibernate.SQL - 
    select
        a1_0.id,
        a1_0.base_price,
        a1_0.current_highest_bid,
        a1_0.end_time,
        a1_0.highest_bidder_id,
        a1_0.item_id,
        a1_0.seller_id,
        a1_0.start_time,
        a1_0.status,
        a1_0.winner_id 
    from
        auction a1_0 
    where
        a1_0.status=? 
        and a1_0.end_time<?
2026-05-11 20:47:59 [scheduling-1] [] INFO  com.auction.logging.LoggingAspect - [SCHEDULER] Method Completed -> com.auction.scheduler.AuctionScheduler.updateAuctionStatus() | Execution Time: 15 ms
2026-05-11 20:47:59 [scheduling-1] [] DEBUG com.auction.logging.LoggingAspect - [SCHEDULER] Return Value -> null
2026-05-11 20:48:29 [scheduling-1] [] INFO  com.auction.logging.LoggingAspect - [SCHEDULER] Method Started -> com.auction.scheduler.AuctionScheduler.updateAuctionStatus()
2026-05-11 20:48:29 [scheduling-1] [] DEBUG com.auction.logging.LoggingAspect - [SCHEDULER] Arguments -> []
2026-05-11 20:48:29 [scheduling-1] [] INFO  c.auction.scheduler.AuctionScheduler - Auction scheduler triggered
2026-05-11 20:48:29 [scheduling-1] [] DEBUG org.hibernate.SQL - 
    select
        a1_0.id,
        a1_0.base_price,
        a1_0.current_highest_bid,
        a1_0.end_time,
        a1_0.highest_bidder_id,
        a1_0.item_id,
        a1_0.seller_id,
        a1_0.start_time,
        a1_0.status,
        a1_0.winner_id 
    from
        auction a1_0 
    where
        a1_0.status=? 
        and a1_0.start_time<?
2026-05-11 20:48:29 [scheduling-1] [] DEBUG org.hibernate.SQL - 
    select
        a1_0.id,
        a1_0.base_price,
        a1_0.current_highest_bid,
        a1_0.end_time,
        a1_0.highest_bidder_id,
        a1_0.item_id,
        a1_0.seller_id,
        a1_0.start_time,
        a1_0.status,
        a1_0.winner_id 
    from
        auction a1_0 
    where
        a1_0.status=? 
        and a1_0.end_time<?
2026-05-11 20:48:29 [scheduling-1] [] INFO  com.auction.logging.LoggingAspect - [SCHEDULER] Method Completed -> com.auction.scheduler.AuctionScheduler.updateAuctionStatus() | Execution Time: 32 ms
2026-05-11 20:48:29 [scheduling-1] [] DEBUG com.auction.logging.LoggingAspect - [SCHEDULER] Return Value -> null
2026-05-11 20:48:59 [scheduling-1] [] INFO  com.auction.logging.LoggingAspect - [SCHEDULER] Method Started -> com.auction.scheduler.AuctionScheduler.updateAuctionStatus()
2026-05-11 20:48:59 [scheduling-1] [] DEBUG com.auction.logging.LoggingAspect - [SCHEDULER] Arguments -> []
2026-05-11 20:48:59 [scheduling-1] [] INFO  c.auction.scheduler.AuctionScheduler - Auction scheduler triggered
2026-05-11 20:48:59 [scheduling-1] [] DEBUG org.hibernate.SQL - 
    select
        a1_0.id,
        a1_0.base_price,
        a1_0.current_highest_bid,
        a1_0.end_time,
        a1_0.highest_bidder_id,
        a1_0.item_id,
        a1_0.seller_id,
        a1_0.start_time,
        a1_0.status,
        a1_0.winner_id 
    from
        auction a1_0 
    where
        a1_0.status=? 
        and a1_0.start_time<?
2026-05-11 20:48:59 [scheduling-1] [] DEBUG org.hibernate.SQL - 
    select
        a1_0.id,
        a1_0.base_price,
        a1_0.current_highest_bid,
        a1_0.end_time,
        a1_0.highest_bidder_id,
        a1_0.item_id,
        a1_0.seller_id,
        a1_0.start_time,
        a1_0.status,
        a1_0.winner_id 
    from
        auction a1_0 
    where
        a1_0.status=? 
        and a1_0.end_time<?
2026-05-11 20:48:59 [scheduling-1] [] INFO  com.auction.logging.LoggingAspect - [SCHEDULER] Method Completed -> com.auction.scheduler.AuctionScheduler.updateAuctionStatus() | Execution Time: 21 ms
2026-05-11 20:48:59 [scheduling-1] [] DEBUG com.auction.logging.LoggingAspect - [SCHEDULER] Return Value -> null
2026-05-11 20:49:29 [scheduling-1] [] INFO  com.auction.logging.LoggingAspect - [SCHEDULER] Method Started -> com.auction.scheduler.AuctionScheduler.updateAuctionStatus()
2026-05-11 20:49:29 [scheduling-1] [] DEBUG com.auction.logging.LoggingAspect - [SCHEDULER] Arguments -> []
2026-05-11 20:49:29 [scheduling-1] [] INFO  c.auction.scheduler.AuctionScheduler - Auction scheduler triggered
2026-05-11 20:49:29 [scheduling-1] [] DEBUG org.hibernate.SQL - 
    select
        a1_0.id,
        a1_0.base_price,
        a1_0.current_highest_bid,
        a1_0.end_time,
        a1_0.highest_bidder_id,
        a1_0.item_id,
        a1_0.seller_id,
        a1_0.start_time,
        a1_0.status,
        a1_0.winner_id 
    from
        auction a1_0 
    where
        a1_0.status=? 
        and a1_0.start_time<?
2026-05-11 20:49:29 [scheduling-1] [] DEBUG org.hibernate.SQL - 
    select
        a1_0.id,
        a1_0.base_price,
        a1_0.current_highest_bid,
        a1_0.end_time,
        a1_0.highest_bidder_id,
        a1_0.item_id,
        a1_0.seller_id,
        a1_0.start_time,
        a1_0.status,
        a1_0.winner_id 
    from
        auction a1_0 
    where
        a1_0.status=? 
        and a1_0.end_time<?
2026-05-11 20:49:29 [scheduling-1] [] INFO  com.auction.logging.LoggingAspect - [SCHEDULER] Method Completed -> com.auction.scheduler.AuctionScheduler.updateAuctionStatus() | Execution Time: 28 ms
2026-05-11 20:49:29 [scheduling-1] [] DEBUG com.auction.logging.LoggingAspect - [SCHEDULER] Return Value -> null
2026-05-11 20:49:59 [scheduling-1] [] INFO  com.auction.logging.LoggingAspect - [SCHEDULER] Method Started -> com.auction.scheduler.AuctionScheduler.updateAuctionStatus()
2026-05-11 20:49:59 [scheduling-1] [] DEBUG com.auction.logging.LoggingAspect - [SCHEDULER] Arguments -> []
2026-05-11 20:49:59 [scheduling-1] [] INFO  c.auction.scheduler.AuctionScheduler - Auction scheduler triggered
2026-05-11 20:49:59 [scheduling-1] [] DEBUG org.hibernate.SQL - 
    select
        a1_0.id,
        a1_0.base_price,
        a1_0.current_highest_bid,
        a1_0.end_time,
        a1_0.highest_bidder_id,
        a1_0.item_id,
        a1_0.seller_id,
        a1_0.start_time,
        a1_0.status,
        a1_0.winner_id 
    from
        auction a1_0 
    where
        a1_0.status=? 
        and a1_0.start_time<?
2026-05-11 20:49:59 [scheduling-1] [] DEBUG org.hibernate.SQL - 
    select
        a1_0.id,
        a1_0.base_price,
        a1_0.current_highest_bid,
        a1_0.end_time,
        a1_0.highest_bidder_id,
        a1_0.item_id,
        a1_0.seller_id,
        a1_0.start_time,
        a1_0.status,
        a1_0.winner_id 
    from
        auction a1_0 
    where
        a1_0.status=? 
        and a1_0.end_time<?
2026-05-11 20:49:59 [scheduling-1] [] INFO  com.auction.logging.LoggingAspect - [SCHEDULER] Method Completed -> com.auction.scheduler.AuctionScheduler.updateAuctionStatus() | Execution Time: 33 ms
2026-05-11 20:49:59 [scheduling-1] [] DEBUG com.auction.logging.LoggingAspect - [SCHEDULER] Return Value -> null
2026-05-11 20:50:29 [scheduling-1] [] INFO  com.auction.logging.LoggingAspect - [SCHEDULER] Method Started -> com.auction.scheduler.AuctionScheduler.updateAuctionStatus()
2026-05-11 20:50:29 [scheduling-1] [] DEBUG com.auction.logging.LoggingAspect - [SCHEDULER] Arguments -> []
2026-05-11 20:50:29 [scheduling-1] [] INFO  c.auction.scheduler.AuctionScheduler - Auction scheduler triggered
2026-05-11 20:50:29 [scheduling-1] [] DEBUG org.hibernate.SQL - 
    select
        a1_0.id,
        a1_0.base_price,
        a1_0.current_highest_bid,
        a1_0.end_time,
        a1_0.highest_bidder_id,
        a1_0.item_id,
        a1_0.seller_id,
        a1_0.start_time,
        a1_0.status,
        a1_0.winner_id 
    from
        auction a1_0 
    where
        a1_0.status=? 
        and a1_0.start_time<?
2026-05-11 20:50:29 [scheduling-1] [] DEBUG org.hibernate.SQL - 
    select
        a1_0.id,
        a1_0.base_price,
        a1_0.current_highest_bid,
        a1_0.end_time,
        a1_0.highest_bidder_id,
        a1_0.item_id,
        a1_0.seller_id,
        a1_0.start_time,
        a1_0.status,
        a1_0.winner_id 
    from
        auction a1_0 
    where
        a1_0.status=? 
        and a1_0.end_time<?
2026-05-11 20:50:29 [scheduling-1] [] INFO  com.auction.logging.LoggingAspect - [SCHEDULER] Method Completed -> com.auction.scheduler.AuctionScheduler.updateAuctionStatus() | Execution Time: 26 ms
2026-05-11 20:50:29 [scheduling-1] [] DEBUG com.auction.logging.LoggingAspect - [SCHEDULER] Return Value -> null
2026-05-11 20:50:59 [scheduling-1] [] INFO  com.auction.logging.LoggingAspect - [SCHEDULER] Method Started -> com.auction.scheduler.AuctionScheduler.updateAuctionStatus()
2026-05-11 20:50:59 [scheduling-1] [] DEBUG com.auction.logging.LoggingAspect - [SCHEDULER] Arguments -> []
2026-05-11 20:50:59 [scheduling-1] [] INFO  c.auction.scheduler.AuctionScheduler - Auction scheduler triggered
2026-05-11 20:50:59 [scheduling-1] [] DEBUG org.hibernate.SQL - 
    select
        a1_0.id,
        a1_0.base_price,
        a1_0.current_highest_bid,
        a1_0.end_time,
        a1_0.highest_bidder_id,
        a1_0.item_id,
        a1_0.seller_id,
        a1_0.start_time,
        a1_0.status,
        a1_0.winner_id 
    from
        auction a1_0 
    where
        a1_0.status=? 
        and a1_0.start_time<?
2026-05-11 20:50:59 [scheduling-1] [] DEBUG org.hibernate.SQL - 
    select
        a1_0.id,
        a1_0.base_price,
        a1_0.current_highest_bid,
        a1_0.end_time,
        a1_0.highest_bidder_id,
        a1_0.item_id,
        a1_0.seller_id,
        a1_0.start_time,
        a1_0.status,
        a1_0.winner_id 
    from
        auction a1_0 
    where
        a1_0.status=? 
        and a1_0.end_time<?
2026-05-11 20:50:59 [scheduling-1] [] INFO  com.auction.logging.LoggingAspect - [SCHEDULER] Method Completed -> com.auction.scheduler.AuctionScheduler.updateAuctionStatus() | Execution Time: 31 ms
2026-05-11 20:50:59 [scheduling-1] [] DEBUG com.auction.logging.LoggingAspect - [SCHEDULER] Return Value -> null
2026-05-11 20:51:15 [http-nio-8084-exec-3] [877910a3-1d6f-4aac-affd-6b169f69a623] ERROR c.a.exception.GlobalExceptionHandler - Internal server error
org.springframework.web.HttpRequestMethodNotSupportedException: Request method 'POST' is not supported
	at org.springframework.web.servlet.mvc.method.RequestMappingInfoHandlerMapping.handleNoMatch(RequestMappingInfoHandlerMapping.java:267)
	at org.springframework.web.servlet.handler.AbstractHandlerMethodMapping.lookupHandlerMethod(AbstractHandlerMethodMapping.java:441)
	at org.springframework.web.servlet.handler.AbstractHandlerMethodMapping.getHandlerInternal(AbstractHandlerMethodMapping.java:382)
	at org.springframework.web.servlet.mvc.method.RequestMappingInfoHandlerMapping.getHandlerInternal(RequestMappingInfoHandlerMapping.java:127)
	at org.springframework.web.servlet.mvc.method.RequestMappingInfoHandlerMapping.getHandlerInternal(RequestMappingInfoHandlerMapping.java:68)
	at org.springframework.web.servlet.handler.AbstractHandlerMapping.getHandler(AbstractHandlerMapping.java:507)
	at org.springframework.web.servlet.DispatcherServlet.getHandler(DispatcherServlet.java:1284)
	at org.springframework.web.servlet.DispatcherServlet.doDispatch(DispatcherServlet.java:1065)
	at org.springframework.web.servlet.DispatcherServlet.doService(DispatcherServlet.java:979)
	at org.springframework.web.servlet.FrameworkServlet.processRequest(FrameworkServlet.java:1014)
	at org.springframework.web.servlet.FrameworkServlet.doPost(FrameworkServlet.java:914)
	at jakarta.servlet.http.HttpServlet.service(HttpServlet.java:590)
	at org.springframework.web.servlet.FrameworkServlet.service(FrameworkServlet.java:885)
	at jakarta.servlet.http.HttpServlet.service(HttpServlet.java:658)
	at org.apache.catalina.core.ApplicationFilterChain.internalDoFilter(ApplicationFilterChain.java:195)
	at org.apache.catalina.core.ApplicationFilterChain.doFilter(ApplicationFilterChain.java:140)
	at org.apache.tomcat.websocket.server.WsFilter.doFilter(WsFilter.java:51)
	at org.apache.catalina.core.ApplicationFilterChain.internalDoFilter(ApplicationFilterChain.java:164)
	at org.apache.catalina.core.ApplicationFilterChain.doFilter(ApplicationFilterChain.java:140)
	at com.auction.filter.CorrelationIdFilter.doFilterInternal(CorrelationIdFilter.java:74)
	at org.springframework.web.filter.OncePerRequestFilter.doFilter(OncePerRequestFilter.java:116)
	at org.apache.catalina.core.ApplicationFilterChain.internalDoFilter(ApplicationFilterChain.java:164)
	at org.apache.catalina.core.ApplicationFilterChain.doFilter(ApplicationFilterChain.java:140)
	at org.springframework.web.filter.RequestContextFilter.doFilterInternal(RequestContextFilter.java:100)
	at org.springframework.web.filter.OncePerRequestFilter.doFilter(OncePerRequestFilter.java:116)
	at org.apache.catalina.core.ApplicationFilterChain.internalDoFilter(ApplicationFilterChain.java:164)
	at org.apache.catalina.core.ApplicationFilterChain.doFilter(ApplicationFilterChain.java:140)
	at org.springframework.web.filter.FormContentFilter.doFilterInternal(FormContentFilter.java:93)
	at org.springframework.web.filter.OncePerRequestFilter.doFilter(OncePerRequestFilter.java:116)
	at org.apache.catalina.core.ApplicationFilterChain.internalDoFilter(ApplicationFilterChain.java:164)
	at org.apache.catalina.core.ApplicationFilterChain.doFilter(ApplicationFilterChain.java:140)
	at org.springframework.web.filter.CharacterEncodingFilter.doFilterInternal(CharacterEncodingFilter.java:201)
	at org.springframework.web.filter.OncePerRequestFilter.doFilter(OncePerRequestFilter.java:116)
	at org.apache.catalina.core.ApplicationFilterChain.internalDoFilter(ApplicationFilterChain.java:164)
	at org.apache.catalina.core.ApplicationFilterChain.doFilter(ApplicationFilterChain.java:140)
	at org.apache.catalina.core.StandardWrapperValve.invoke(StandardWrapperValve.java:167)
	at org.apache.catalina.core.StandardContextValve.invoke(StandardContextValve.java:90)
	at org.apache.catalina.authenticator.AuthenticatorBase.invoke(AuthenticatorBase.java:483)
	at org.apache.catalina.core.StandardHostValve.invoke(StandardHostValve.java:115)
	at org.apache.catalina.valves.ErrorReportValve.invoke(ErrorReportValve.java:93)
	at org.apache.catalina.core.StandardEngineValve.invoke(StandardEngineValve.java:74)
	at org.apache.catalina.connector.CoyoteAdapter.service(CoyoteAdapter.java:344)
	at org.apache.coyote.http11.Http11Processor.service(Http11Processor.java:384)
	at org.apache.coyote.AbstractProcessorLight.process(AbstractProcessorLight.java:63)
	at org.apache.coyote.AbstractProtocol$ConnectionHandler.process(AbstractProtocol.java:905)
	at org.apache.tomcat.util.net.NioEndpoint$SocketProcessor.doRun(NioEndpoint.java:1741)
	at org.apache.tomcat.util.net.SocketProcessorBase.run(SocketProcessorBase.java:52)
	at org.apache.tomcat.util.threads.ThreadPoolExecutor.runWorker(ThreadPoolExecutor.java:1190)
	at org.apache.tomcat.util.threads.ThreadPoolExecutor$Worker.run(ThreadPoolExecutor.java:659)
	at org.apache.tomcat.util.threads.TaskThread$WrappingRunnable.run(TaskThread.java:63)
	at java.base/java.lang.Thread.run(Thread.java:1583)
2026-05-11 20:51:28 [http-nio-8084-exec-6] [914d7b2e-3840-45d9-814a-c4435aa12bd5] ERROR c.a.exception.GlobalExceptionHandler - Internal server error
org.springframework.web.HttpRequestMethodNotSupportedException: Request method 'POST' is not supported
	at org.springframework.web.servlet.mvc.method.RequestMappingInfoHandlerMapping.handleNoMatch(RequestMappingInfoHandlerMapping.java:267)
	at org.springframework.web.servlet.handler.AbstractHandlerMethodMapping.lookupHandlerMethod(AbstractHandlerMethodMapping.java:441)
	at org.springframework.web.servlet.handler.AbstractHandlerMethodMapping.getHandlerInternal(AbstractHandlerMethodMapping.java:382)
	at org.springframework.web.servlet.mvc.method.RequestMappingInfoHandlerMapping.getHandlerInternal(RequestMappingInfoHandlerMapping.java:127)
	at org.springframework.web.servlet.mvc.method.RequestMappingInfoHandlerMapping.getHandlerInternal(RequestMappingInfoHandlerMapping.java:68)
	at org.springframework.web.servlet.handler.AbstractHandlerMapping.getHandler(AbstractHandlerMapping.java:507)
	at org.springframework.web.servlet.DispatcherServlet.getHandler(DispatcherServlet.java:1284)
	at org.springframework.web.servlet.DispatcherServlet.doDispatch(DispatcherServlet.java:1065)
	at org.springframework.web.servlet.DispatcherServlet.doService(DispatcherServlet.java:979)
	at org.springframework.web.servlet.FrameworkServlet.processRequest(FrameworkServlet.java:1014)
	at org.springframework.web.servlet.FrameworkServlet.doPost(FrameworkServlet.java:914)
	at jakarta.servlet.http.HttpServlet.service(HttpServlet.java:590)
	at org.springframework.web.servlet.FrameworkServlet.service(FrameworkServlet.java:885)
	at jakarta.servlet.http.HttpServlet.service(HttpServlet.java:658)
	at org.apache.catalina.core.ApplicationFilterChain.internalDoFilter(ApplicationFilterChain.java:195)
	at org.apache.catalina.core.ApplicationFilterChain.doFilter(ApplicationFilterChain.java:140)
	at org.apache.tomcat.websocket.server.WsFilter.doFilter(WsFilter.java:51)
	at org.apache.catalina.core.ApplicationFilterChain.internalDoFilter(ApplicationFilterChain.java:164)
	at org.apache.catalina.core.ApplicationFilterChain.doFilter(ApplicationFilterChain.java:140)
	at com.auction.filter.CorrelationIdFilter.doFilterInternal(CorrelationIdFilter.java:74)
	at org.springframework.web.filter.OncePerRequestFilter.doFilter(OncePerRequestFilter.java:116)
	at org.apache.catalina.core.ApplicationFilterChain.internalDoFilter(ApplicationFilterChain.java:164)
	at org.apache.catalina.core.ApplicationFilterChain.doFilter(ApplicationFilterChain.java:140)
	at org.springframework.web.filter.RequestContextFilter.doFilterInternal(RequestContextFilter.java:100)
	at org.springframework.web.filter.OncePerRequestFilter.doFilter(OncePerRequestFilter.java:116)
	at org.apache.catalina.core.ApplicationFilterChain.internalDoFilter(ApplicationFilterChain.java:164)
	at org.apache.catalina.core.ApplicationFilterChain.doFilter(ApplicationFilterChain.java:140)
	at org.springframework.web.filter.FormContentFilter.doFilterInternal(FormContentFilter.java:93)
	at org.springframework.web.filter.OncePerRequestFilter.doFilter(OncePerRequestFilter.java:116)
	at org.apache.catalina.core.ApplicationFilterChain.internalDoFilter(ApplicationFilterChain.java:164)
	at org.apache.catalina.core.ApplicationFilterChain.doFilter(ApplicationFilterChain.java:140)
	at org.springframework.web.filter.CharacterEncodingFilter.doFilterInternal(CharacterEncodingFilter.java:201)
	at org.springframework.web.filter.OncePerRequestFilter.doFilter(OncePerRequestFilter.java:116)
	at org.apache.catalina.core.ApplicationFilterChain.internalDoFilter(ApplicationFilterChain.java:164)
	at org.apache.catalina.core.ApplicationFilterChain.doFilter(ApplicationFilterChain.java:140)
	at org.apache.catalina.core.StandardWrapperValve.invoke(StandardWrapperValve.java:167)
	at org.apache.catalina.core.StandardContextValve.invoke(StandardContextValve.java:90)
	at org.apache.catalina.authenticator.AuthenticatorBase.invoke(AuthenticatorBase.java:483)
	at org.apache.catalina.core.StandardHostValve.invoke(StandardHostValve.java:115)
	at org.apache.catalina.valves.ErrorReportValve.invoke(ErrorReportValve.java:93)
	at org.apache.catalina.core.StandardEngineValve.invoke(StandardEngineValve.java:74)
	at org.apache.catalina.connector.CoyoteAdapter.service(CoyoteAdapter.java:344)
	at org.apache.coyote.http11.Http11Processor.service(Http11Processor.java:384)
	at org.apache.coyote.AbstractProcessorLight.process(AbstractProcessorLight.java:63)
	at org.apache.coyote.AbstractProtocol$ConnectionHandler.process(AbstractProtocol.java:905)
	at org.apache.tomcat.util.net.NioEndpoint$SocketProcessor.doRun(NioEndpoint.java:1741)
	at org.apache.tomcat.util.net.SocketProcessorBase.run(SocketProcessorBase.java:52)
	at org.apache.tomcat.util.threads.ThreadPoolExecutor.runWorker(ThreadPoolExecutor.java:1190)
	at org.apache.tomcat.util.threads.ThreadPoolExecutor$Worker.run(ThreadPoolExecutor.java:659)
	at org.apache.tomcat.util.threads.TaskThread$WrappingRunnable.run(TaskThread.java:63)
	at java.base/java.lang.Thread.run(Thread.java:1583)
2026-05-11 20:51:29 [scheduling-1] [] INFO  com.auction.logging.LoggingAspect - [SCHEDULER] Method Started -> com.auction.scheduler.AuctionScheduler.updateAuctionStatus()
2026-05-11 20:51:29 [scheduling-1] [] DEBUG com.auction.logging.LoggingAspect - [SCHEDULER] Arguments -> []
2026-05-11 20:51:29 [scheduling-1] [] INFO  c.auction.scheduler.AuctionScheduler - Auction scheduler triggered
2026-05-11 20:51:29 [scheduling-1] [] DEBUG org.hibernate.SQL - 
    select
        a1_0.id,
        a1_0.base_price,
        a1_0.current_highest_bid,
        a1_0.end_time,
        a1_0.highest_bidder_id,
        a1_0.item_id,
        a1_0.seller_id,
        a1_0.start_time,
        a1_0.status,
        a1_0.winner_id 
    from
        auction a1_0 
    where
        a1_0.status=? 
        and a1_0.start_time<?
2026-05-11 20:51:29 [scheduling-1] [] DEBUG org.hibernate.SQL - 
    select
        a1_0.id,
        a1_0.base_price,
        a1_0.current_highest_bid,
        a1_0.end_time,
        a1_0.highest_bidder_id,
        a1_0.item_id,
        a1_0.seller_id,
        a1_0.start_time,
        a1_0.status,
        a1_0.winner_id 
    from
        auction a1_0 
    where
        a1_0.status=? 
        and a1_0.end_time<?
2026-05-11 20:51:29 [scheduling-1] [] INFO  com.auction.logging.LoggingAspect - [SCHEDULER] Method Completed -> com.auction.scheduler.AuctionScheduler.updateAuctionStatus() | Execution Time: 34 ms
2026-05-11 20:51:29 [scheduling-1] [] DEBUG com.auction.logging.LoggingAspect - [SCHEDULER] Return Value -> null
2026-05-11 20:51:38 [http-nio-8084-exec-8] [60cfe412-643c-4c36-9011-f306872feda7] ERROR c.a.exception.GlobalExceptionHandler - Internal server error
org.springframework.web.HttpRequestMethodNotSupportedException: Request method 'POST' is not supported
	at org.springframework.web.servlet.mvc.method.RequestMappingInfoHandlerMapping.handleNoMatch(RequestMappingInfoHandlerMapping.java:267)
	at org.springframework.web.servlet.handler.AbstractHandlerMethodMapping.lookupHandlerMethod(AbstractHandlerMethodMapping.java:441)
	at org.springframework.web.servlet.handler.AbstractHandlerMethodMapping.getHandlerInternal(AbstractHandlerMethodMapping.java:382)
	at org.springframework.web.servlet.mvc.method.RequestMappingInfoHandlerMapping.getHandlerInternal(RequestMappingInfoHandlerMapping.java:127)
	at org.springframework.web.servlet.mvc.method.RequestMappingInfoHandlerMapping.getHandlerInternal(RequestMappingInfoHandlerMapping.java:68)
	at org.springframework.web.servlet.handler.AbstractHandlerMapping.getHandler(AbstractHandlerMapping.java:507)
	at org.springframework.web.servlet.DispatcherServlet.getHandler(DispatcherServlet.java:1284)
	at org.springframework.web.servlet.DispatcherServlet.doDispatch(DispatcherServlet.java:1065)
	at org.springframework.web.servlet.DispatcherServlet.doService(DispatcherServlet.java:979)
	at org.springframework.web.servlet.FrameworkServlet.processRequest(FrameworkServlet.java:1014)
	at org.springframework.web.servlet.FrameworkServlet.doPost(FrameworkServlet.java:914)
	at jakarta.servlet.http.HttpServlet.service(HttpServlet.java:590)
	at org.springframework.web.servlet.FrameworkServlet.service(FrameworkServlet.java:885)
	at jakarta.servlet.http.HttpServlet.service(HttpServlet.java:658)
	at org.apache.catalina.core.ApplicationFilterChain.internalDoFilter(ApplicationFilterChain.java:195)
	at org.apache.catalina.core.ApplicationFilterChain.doFilter(ApplicationFilterChain.java:140)
	at org.apache.tomcat.websocket.server.WsFilter.doFilter(WsFilter.java:51)
	at org.apache.catalina.core.ApplicationFilterChain.internalDoFilter(ApplicationFilterChain.java:164)
	at org.apache.catalina.core.ApplicationFilterChain.doFilter(ApplicationFilterChain.java:140)
	at com.auction.filter.CorrelationIdFilter.doFilterInternal(CorrelationIdFilter.java:74)
	at org.springframework.web.filter.OncePerRequestFilter.doFilter(OncePerRequestFilter.java:116)
	at org.apache.catalina.core.ApplicationFilterChain.internalDoFilter(ApplicationFilterChain.java:164)
	at org.apache.catalina.core.ApplicationFilterChain.doFilter(ApplicationFilterChain.java:140)
	at org.springframework.web.filter.RequestContextFilter.doFilterInternal(RequestContextFilter.java:100)
	at org.springframework.web.filter.OncePerRequestFilter.doFilter(OncePerRequestFilter.java:116)
	at org.apache.catalina.core.ApplicationFilterChain.internalDoFilter(ApplicationFilterChain.java:164)
	at org.apache.catalina.core.ApplicationFilterChain.doFilter(ApplicationFilterChain.java:140)
	at org.springframework.web.filter.FormContentFilter.doFilterInternal(FormContentFilter.java:93)
	at org.springframework.web.filter.OncePerRequestFilter.doFilter(OncePerRequestFilter.java:116)
	at org.apache.catalina.core.ApplicationFilterChain.internalDoFilter(ApplicationFilterChain.java:164)
	at org.apache.catalina.core.ApplicationFilterChain.doFilter(ApplicationFilterChain.java:140)
	at org.springframework.web.filter.CharacterEncodingFilter.doFilterInternal(CharacterEncodingFilter.java:201)
	at org.springframework.web.filter.OncePerRequestFilter.doFilter(OncePerRequestFilter.java:116)
	at org.apache.catalina.core.ApplicationFilterChain.internalDoFilter(ApplicationFilterChain.java:164)
	at org.apache.catalina.core.ApplicationFilterChain.doFilter(ApplicationFilterChain.java:140)
	at org.apache.catalina.core.StandardWrapperValve.invoke(StandardWrapperValve.java:167)
	at org.apache.catalina.core.StandardContextValve.invoke(StandardContextValve.java:90)
	at org.apache.catalina.authenticator.AuthenticatorBase.invoke(AuthenticatorBase.java:483)
	at org.apache.catalina.core.StandardHostValve.invoke(StandardHostValve.java:115)
	at org.apache.catalina.valves.ErrorReportValve.invoke(ErrorReportValve.java:93)
	at org.apache.catalina.core.StandardEngineValve.invoke(StandardEngineValve.java:74)
	at org.apache.catalina.connector.CoyoteAdapter.service(CoyoteAdapter.java:344)
	at org.apache.coyote.http11.Http11Processor.service(Http11Processor.java:384)
	at org.apache.coyote.AbstractProcessorLight.process(AbstractProcessorLight.java:63)
	at org.apache.coyote.AbstractProtocol$ConnectionHandler.process(AbstractProtocol.java:905)
	at org.apache.tomcat.util.net.NioEndpoint$SocketProcessor.doRun(NioEndpoint.java:1741)
	at org.apache.tomcat.util.net.SocketProcessorBase.run(SocketProcessorBase.java:52)
	at org.apache.tomcat.util.threads.ThreadPoolExecutor.runWorker(ThreadPoolExecutor.java:1190)
	at org.apache.tomcat.util.threads.ThreadPoolExecutor$Worker.run(ThreadPoolExecutor.java:659)
	at org.apache.tomcat.util.threads.TaskThread$WrappingRunnable.run(TaskThread.java:63)
	at java.base/java.lang.Thread.run(Thread.java:1583)
2026-05-11 20:51:49 [http-nio-8084-exec-9] [29064280-0877-4288-9116-dff9b67954b2] ERROR c.a.exception.GlobalExceptionHandler - Internal server error
org.springframework.web.HttpRequestMethodNotSupportedException: Request method 'POST' is not supported
	at org.springframework.web.servlet.mvc.method.RequestMappingInfoHandlerMapping.handleNoMatch(RequestMappingInfoHandlerMapping.java:267)
	at org.springframework.web.servlet.handler.AbstractHandlerMethodMapping.lookupHandlerMethod(AbstractHandlerMethodMapping.java:441)
	at org.springframework.web.servlet.handler.AbstractHandlerMethodMapping.getHandlerInternal(AbstractHandlerMethodMapping.java:382)
	at org.springframework.web.servlet.mvc.method.RequestMappingInfoHandlerMapping.getHandlerInternal(RequestMappingInfoHandlerMapping.java:127)
	at org.springframework.web.servlet.mvc.method.RequestMappingInfoHandlerMapping.getHandlerInternal(RequestMappingInfoHandlerMapping.java:68)
	at org.springframework.web.servlet.handler.AbstractHandlerMapping.getHandler(AbstractHandlerMapping.java:507)
	at org.springframework.web.servlet.DispatcherServlet.getHandler(DispatcherServlet.java:1284)
	at org.springframework.web.servlet.DispatcherServlet.doDispatch(DispatcherServlet.java:1065)
	at org.springframework.web.servlet.DispatcherServlet.doService(DispatcherServlet.java:979)
	at org.springframework.web.servlet.FrameworkServlet.processRequest(FrameworkServlet.java:1014)
	at org.springframework.web.servlet.FrameworkServlet.doPost(FrameworkServlet.java:914)
	at jakarta.servlet.http.HttpServlet.service(HttpServlet.java:590)
	at org.springframework.web.servlet.FrameworkServlet.service(FrameworkServlet.java:885)
	at jakarta.servlet.http.HttpServlet.service(HttpServlet.java:658)
	at org.apache.catalina.core.ApplicationFilterChain.internalDoFilter(ApplicationFilterChain.java:195)
	at org.apache.catalina.core.ApplicationFilterChain.doFilter(ApplicationFilterChain.java:140)
	at org.apache.tomcat.websocket.server.WsFilter.doFilter(WsFilter.java:51)
	at org.apache.catalina.core.ApplicationFilterChain.internalDoFilter(ApplicationFilterChain.java:164)
	at org.apache.catalina.core.ApplicationFilterChain.doFilter(ApplicationFilterChain.java:140)
	at com.auction.filter.CorrelationIdFilter.doFilterInternal(CorrelationIdFilter.java:74)
	at org.springframework.web.filter.OncePerRequestFilter.doFilter(OncePerRequestFilter.java:116)
	at org.apache.catalina.core.ApplicationFilterChain.internalDoFilter(ApplicationFilterChain.java:164)
	at org.apache.catalina.core.ApplicationFilterChain.doFilter(ApplicationFilterChain.java:140)
	at org.springframework.web.filter.RequestContextFilter.doFilterInternal(RequestContextFilter.java:100)
	at org.springframework.web.filter.OncePerRequestFilter.doFilter(OncePerRequestFilter.java:116)
	at org.apache.catalina.core.ApplicationFilterChain.internalDoFilter(ApplicationFilterChain.java:164)
	at org.apache.catalina.core.ApplicationFilterChain.doFilter(ApplicationFilterChain.java:140)
	at org.springframework.web.filter.FormContentFilter.doFilterInternal(FormContentFilter.java:93)
	at org.springframework.web.filter.OncePerRequestFilter.doFilter(OncePerRequestFilter.java:116)
	at org.apache.catalina.core.ApplicationFilterChain.internalDoFilter(ApplicationFilterChain.java:164)
	at org.apache.catalina.core.ApplicationFilterChain.doFilter(ApplicationFilterChain.java:140)
	at org.springframework.web.filter.CharacterEncodingFilter.doFilterInternal(CharacterEncodingFilter.java:201)
	at org.springframework.web.filter.OncePerRequestFilter.doFilter(OncePerRequestFilter.java:116)
	at org.apache.catalina.core.ApplicationFilterChain.internalDoFilter(ApplicationFilterChain.java:164)
	at org.apache.catalina.core.ApplicationFilterChain.doFilter(ApplicationFilterChain.java:140)
	at org.apache.catalina.core.StandardWrapperValve.invoke(StandardWrapperValve.java:167)
	at org.apache.catalina.core.StandardContextValve.invoke(StandardContextValve.java:90)
	at org.apache.catalina.authenticator.AuthenticatorBase.invoke(AuthenticatorBase.java:483)
	at org.apache.catalina.core.StandardHostValve.invoke(StandardHostValve.java:115)
	at org.apache.catalina.valves.ErrorReportValve.invoke(ErrorReportValve.java:93)
	at org.apache.catalina.core.StandardEngineValve.invoke(StandardEngineValve.java:74)
	at org.apache.catalina.connector.CoyoteAdapter.service(CoyoteAdapter.java:344)
	at org.apache.coyote.http11.Http11Processor.service(Http11Processor.java:384)
	at org.apache.coyote.AbstractProcessorLight.process(AbstractProcessorLight.java:63)
	at org.apache.coyote.AbstractProtocol$ConnectionHandler.process(AbstractProtocol.java:905)
	at org.apache.tomcat.util.net.NioEndpoint$SocketProcessor.doRun(NioEndpoint.java:1741)
	at org.apache.tomcat.util.net.SocketProcessorBase.run(SocketProcessorBase.java:52)
	at org.apache.tomcat.util.threads.ThreadPoolExecutor.runWorker(ThreadPoolExecutor.java:1190)
	at org.apache.tomcat.util.threads.ThreadPoolExecutor$Worker.run(ThreadPoolExecutor.java:659)
	at org.apache.tomcat.util.threads.TaskThread$WrappingRunnable.run(TaskThread.java:63)
	at java.base/java.lang.Thread.run(Thread.java:1583)
2026-05-11 20:51:59 [scheduling-1] [] INFO  com.auction.logging.LoggingAspect - [SCHEDULER] Method Started -> com.auction.scheduler.AuctionScheduler.updateAuctionStatus()
2026-05-11 20:51:59 [scheduling-1] [] DEBUG com.auction.logging.LoggingAspect - [SCHEDULER] Arguments -> []
2026-05-11 20:51:59 [scheduling-1] [] INFO  c.auction.scheduler.AuctionScheduler - Auction scheduler triggered
2026-05-11 20:51:59 [scheduling-1] [] DEBUG org.hibernate.SQL - 
    select
        a1_0.id,
        a1_0.base_price,
        a1_0.current_highest_bid,
        a1_0.end_time,
        a1_0.highest_bidder_id,
        a1_0.item_id,
        a1_0.seller_id,
        a1_0.start_time,
        a1_0.status,
        a1_0.winner_id 
    from
        auction a1_0 
    where
        a1_0.status=? 
        and a1_0.start_time<?
2026-05-11 20:51:59 [scheduling-1] [] DEBUG org.hibernate.SQL - 
    select
        a1_0.id,
        a1_0.base_price,
        a1_0.current_highest_bid,
        a1_0.end_time,
        a1_0.highest_bidder_id,
        a1_0.item_id,
        a1_0.seller_id,
        a1_0.start_time,
        a1_0.status,
        a1_0.winner_id 
    from
        auction a1_0 
    where
        a1_0.status=? 
        and a1_0.end_time<?
2026-05-11 20:51:59 [scheduling-1] [] INFO  com.auction.logging.LoggingAspect - [SCHEDULER] Method Completed -> com.auction.scheduler.AuctionScheduler.updateAuctionStatus() | Execution Time: 22 ms
2026-05-11 20:51:59 [scheduling-1] [] DEBUG com.auction.logging.LoggingAspect - [SCHEDULER] Return Value -> null
2026-05-11 20:52:29 [scheduling-1] [] INFO  com.auction.logging.LoggingAspect - [SCHEDULER] Method Started -> com.auction.scheduler.AuctionScheduler.updateAuctionStatus()
2026-05-11 20:52:29 [scheduling-1] [] DEBUG com.auction.logging.LoggingAspect - [SCHEDULER] Arguments -> []
2026-05-11 20:52:29 [scheduling-1] [] INFO  c.auction.scheduler.AuctionScheduler - Auction scheduler triggered
2026-05-11 20:52:29 [scheduling-1] [] DEBUG org.hibernate.SQL - 
    select
        a1_0.id,
        a1_0.base_price,
        a1_0.current_highest_bid,
        a1_0.end_time,
        a1_0.highest_bidder_id,
        a1_0.item_id,
        a1_0.seller_id,
        a1_0.start_time,
        a1_0.status,
        a1_0.winner_id 
    from
        auction a1_0 
    where
        a1_0.status=? 
        and a1_0.start_time<?
2026-05-11 20:52:29 [scheduling-1] [] DEBUG org.hibernate.SQL - 
    select
        a1_0.id,
        a1_0.base_price,
        a1_0.current_highest_bid,
        a1_0.end_time,
        a1_0.highest_bidder_id,
        a1_0.item_id,
        a1_0.seller_id,
        a1_0.start_time,
        a1_0.status,
        a1_0.winner_id 
    from
        auction a1_0 
    where
        a1_0.status=? 
        and a1_0.end_time<?
2026-05-11 20:52:29 [scheduling-1] [] INFO  com.auction.logging.LoggingAspect - [SCHEDULER] Method Completed -> com.auction.scheduler.AuctionScheduler.updateAuctionStatus() | Execution Time: 19 ms
2026-05-11 20:52:29 [scheduling-1] [] DEBUG com.auction.logging.LoggingAspect - [SCHEDULER] Return Value -> null
2026-05-11 20:52:58 [AsyncResolver-bootstrap-executor-%d] [] INFO  c.n.d.s.r.aws.ConfigClusterResolver - Resolving eureka endpoints via configuration
2026-05-11 20:52:59 [scheduling-1] [] INFO  com.auction.logging.LoggingAspect - [SCHEDULER] Method Started -> com.auction.scheduler.AuctionScheduler.updateAuctionStatus()
2026-05-11 20:52:59 [scheduling-1] [] DEBUG com.auction.logging.LoggingAspect - [SCHEDULER] Arguments -> []
2026-05-11 20:52:59 [scheduling-1] [] INFO  c.auction.scheduler.AuctionScheduler - Auction scheduler triggered
2026-05-11 20:52:59 [scheduling-1] [] DEBUG org.hibernate.SQL - 
    select
        a1_0.id,
        a1_0.base_price,
        a1_0.current_highest_bid,
        a1_0.end_time,
        a1_0.highest_bidder_id,
        a1_0.item_id,
        a1_0.seller_id,
        a1_0.start_time,
        a1_0.status,
        a1_0.winner_id 
    from
        auction a1_0 
    where
        a1_0.status=? 
        and a1_0.start_time<?
2026-05-11 20:52:59 [scheduling-1] [] DEBUG org.hibernate.SQL - 
    select
        a1_0.id,
        a1_0.base_price,
        a1_0.current_highest_bid,
        a1_0.end_time,
        a1_0.highest_bidder_id,
        a1_0.item_id,
        a1_0.seller_id,
        a1_0.start_time,
        a1_0.status,
        a1_0.winner_id 
    from
        auction a1_0 
    where
        a1_0.status=? 
        and a1_0.end_time<?
2026-05-11 20:52:59 [scheduling-1] [] INFO  com.auction.logging.LoggingAspect - [SCHEDULER] Method Completed -> com.auction.scheduler.AuctionScheduler.updateAuctionStatus() | Execution Time: 23 ms
2026-05-11 20:52:59 [scheduling-1] [] DEBUG com.auction.logging.LoggingAspect - [SCHEDULER] Return Value -> null
2026-05-11 20:53:29 [scheduling-1] [] INFO  com.auction.logging.LoggingAspect - [SCHEDULER] Method Started -> com.auction.scheduler.AuctionScheduler.updateAuctionStatus()
2026-05-11 20:53:29 [scheduling-1] [] DEBUG com.auction.logging.LoggingAspect - [SCHEDULER] Arguments -> []
2026-05-11 20:53:29 [scheduling-1] [] INFO  c.auction.scheduler.AuctionScheduler - Auction scheduler triggered
2026-05-11 20:53:29 [scheduling-1] [] DEBUG org.hibernate.SQL - 
    select
        a1_0.id,
        a1_0.base_price,
        a1_0.current_highest_bid,
        a1_0.end_time,
        a1_0.highest_bidder_id,
        a1_0.item_id,
        a1_0.seller_id,
        a1_0.start_time,
        a1_0.status,
        a1_0.winner_id 
    from
        auction a1_0 
    where
        a1_0.status=? 
        and a1_0.start_time<?
2026-05-11 20:53:29 [scheduling-1] [] DEBUG org.hibernate.SQL - 
    select
        a1_0.id,
        a1_0.base_price,
        a1_0.current_highest_bid,
        a1_0.end_time,
        a1_0.highest_bidder_id,
        a1_0.item_id,
        a1_0.seller_id,
        a1_0.start_time,
        a1_0.status,
        a1_0.winner_id 
    from
        auction a1_0 
    where
        a1_0.status=? 
        and a1_0.end_time<?
2026-05-11 20:53:29 [scheduling-1] [] INFO  com.auction.logging.LoggingAspect - [SCHEDULER] Method Completed -> com.auction.scheduler.AuctionScheduler.updateAuctionStatus() | Execution Time: 57 ms
2026-05-11 20:53:29 [scheduling-1] [] DEBUG com.auction.logging.LoggingAspect - [SCHEDULER] Return Value -> null
2026-05-11 20:53:59 [scheduling-1] [] INFO  com.auction.logging.LoggingAspect - [SCHEDULER] Method Started -> com.auction.scheduler.AuctionScheduler.updateAuctionStatus()
2026-05-11 20:53:59 [scheduling-1] [] DEBUG com.auction.logging.LoggingAspect - [SCHEDULER] Arguments -> []
2026-05-11 20:53:59 [scheduling-1] [] INFO  c.auction.scheduler.AuctionScheduler - Auction scheduler triggered
2026-05-11 20:53:59 [scheduling-1] [] DEBUG org.hibernate.SQL - 
    select
        a1_0.id,
        a1_0.base_price,
        a1_0.current_highest_bid,
        a1_0.end_time,
        a1_0.highest_bidder_id,
        a1_0.item_id,
        a1_0.seller_id,
        a1_0.start_time,
        a1_0.status,
        a1_0.winner_id 
    from
        auction a1_0 
    where
        a1_0.status=? 
        and a1_0.start_time<?
2026-05-11 20:53:59 [scheduling-1] [] DEBUG org.hibernate.SQL - 
    select
        a1_0.id,
        a1_0.base_price,
        a1_0.current_highest_bid,
        a1_0.end_time,
        a1_0.highest_bidder_id,
        a1_0.item_id,
        a1_0.seller_id,
        a1_0.start_time,
        a1_0.status,
        a1_0.winner_id 
    from
        auction a1_0 
    where
        a1_0.status=? 
        and a1_0.end_time<?
2026-05-11 20:53:59 [scheduling-1] [] INFO  com.auction.logging.LoggingAspect - [SCHEDULER] Method Completed -> com.auction.scheduler.AuctionScheduler.updateAuctionStatus() | Execution Time: 19 ms
2026-05-11 20:53:59 [scheduling-1] [] DEBUG com.auction.logging.LoggingAspect - [SCHEDULER] Return Value -> null
2026-05-11 20:54:29 [scheduling-1] [] INFO  com.auction.logging.LoggingAspect - [SCHEDULER] Method Started -> com.auction.scheduler.AuctionScheduler.updateAuctionStatus()
2026-05-11 20:54:29 [scheduling-1] [] DEBUG com.auction.logging.LoggingAspect - [SCHEDULER] Arguments -> []
2026-05-11 20:54:29 [scheduling-1] [] INFO  c.auction.scheduler.AuctionScheduler - Auction scheduler triggered
2026-05-11 20:54:29 [scheduling-1] [] DEBUG org.hibernate.SQL - 
    select
        a1_0.id,
        a1_0.base_price,
        a1_0.current_highest_bid,
        a1_0.end_time,
        a1_0.highest_bidder_id,
        a1_0.item_id,
        a1_0.seller_id,
        a1_0.start_time,
        a1_0.status,
        a1_0.winner_id 
    from
        auction a1_0 
    where
        a1_0.status=? 
        and a1_0.start_time<?
2026-05-11 20:54:29 [scheduling-1] [] DEBUG org.hibernate.SQL - 
    select
        a1_0.id,
        a1_0.base_price,
        a1_0.current_highest_bid,
        a1_0.end_time,
        a1_0.highest_bidder_id,
        a1_0.item_id,
        a1_0.seller_id,
        a1_0.start_time,
        a1_0.status,
        a1_0.winner_id 
    from
        auction a1_0 
    where
        a1_0.status=? 
        and a1_0.end_time<?
2026-05-11 20:54:29 [scheduling-1] [] INFO  com.auction.logging.LoggingAspect - [SCHEDULER] Method Completed -> com.auction.scheduler.AuctionScheduler.updateAuctionStatus() | Execution Time: 30 ms
2026-05-11 20:54:29 [scheduling-1] [] DEBUG com.auction.logging.LoggingAspect - [SCHEDULER] Return Value -> null
2026-05-11 20:54:59 [scheduling-1] [] INFO  com.auction.logging.LoggingAspect - [SCHEDULER] Method Started -> com.auction.scheduler.AuctionScheduler.updateAuctionStatus()
2026-05-11 20:54:59 [scheduling-1] [] DEBUG com.auction.logging.LoggingAspect - [SCHEDULER] Arguments -> []
2026-05-11 20:54:59 [scheduling-1] [] INFO  c.auction.scheduler.AuctionScheduler - Auction scheduler triggered
2026-05-11 20:54:59 [scheduling-1] [] DEBUG org.hibernate.SQL - 
    select
        a1_0.id,
        a1_0.base_price,
        a1_0.current_highest_bid,
        a1_0.end_time,
        a1_0.highest_bidder_id,
        a1_0.item_id,
        a1_0.seller_id,
        a1_0.start_time,
        a1_0.status,
        a1_0.winner_id 
    from
        auction a1_0 
    where
        a1_0.status=? 
        and a1_0.start_time<?
2026-05-11 20:54:59 [scheduling-1] [] DEBUG org.hibernate.SQL - 
    select
        a1_0.id,
        a1_0.base_price,
        a1_0.current_highest_bid,
        a1_0.end_time,
        a1_0.highest_bidder_id,
        a1_0.item_id,
        a1_0.seller_id,
        a1_0.start_time,
        a1_0.status,
        a1_0.winner_id 
    from
        auction a1_0 
    where
        a1_0.status=? 
        and a1_0.end_time<?
2026-05-11 20:54:59 [scheduling-1] [] INFO  com.auction.logging.LoggingAspect - [SCHEDULER] Method Completed -> com.auction.scheduler.AuctionScheduler.updateAuctionStatus() | Execution Time: 64 ms
2026-05-11 20:54:59 [scheduling-1] [] DEBUG com.auction.logging.LoggingAspect - [SCHEDULER] Return Value -> null
2026-05-11 20:55:20 [RMI TCP Connection(25)-127.0.0.1] [] INFO  o.s.b.a.SpringApplicationAdminMXBeanRegistrar$SpringApplicationAdmin - Application shutdown requested.
2026-05-11 20:55:20 [RMI TCP Connection(25)-127.0.0.1] [] INFO  o.s.c.n.e.s.EurekaServiceRegistry - Unregistering application AUCTION-SERVICE with eureka with status DOWN
2026-05-11 20:55:20 [RMI TCP Connection(25)-127.0.0.1] [] INFO  c.netflix.discovery.DiscoveryClient - Saw local status change event StatusChangeEvent [timestamp=1778513120578, current=DOWN, previous=UP]
2026-05-11 20:55:20 [DiscoveryClient-InstanceInfoReplicator-%d] [] INFO  c.netflix.discovery.DiscoveryClient - DiscoveryClient_AUCTION-SERVICE/192.168.1.100:auction-service:8084: registering service...
2026-05-11 20:55:20 [DiscoveryClient-InstanceInfoReplicator-%d] [] INFO  c.netflix.discovery.DiscoveryClient - DiscoveryClient_AUCTION-SERVICE/192.168.1.100:auction-service:8084 - registration status: 204
2026-05-11 20:55:21 [RMI TCP Connection(25)-127.0.0.1] [] INFO  o.s.o.j.LocalContainerEntityManagerFactoryBean - Closing JPA EntityManagerFactory for persistence unit 'default'
2026-05-11 20:55:21 [RMI TCP Connection(25)-127.0.0.1] [] INFO  com.zaxxer.hikari.HikariDataSource - HikariPool-1 - Shutdown initiated...
2026-05-11 20:55:21 [RMI TCP Connection(25)-127.0.0.1] [] INFO  com.zaxxer.hikari.HikariDataSource - HikariPool-1 - Shutdown completed.
2026-05-11 20:55:21 [RMI TCP Connection(25)-127.0.0.1] [] INFO  c.netflix.discovery.DiscoveryClient - Shutting down DiscoveryClient ...
2026-05-11 20:55:24 [RMI TCP Connection(25)-127.0.0.1] [] INFO  c.netflix.discovery.DiscoveryClient - Unregistering ...
2026-05-11 20:55:26 [RMI TCP Connection(25)-127.0.0.1] [] INFO  c.n.d.s.t.d.RedirectingEurekaHttpClient - Request execution error. endpoint=DefaultEndpoint{ serviceUrl='http://localhost:8761/eureka/} exception=I/O error on DELETE request for "http://localhost:8761/eureka/apps/AUCTION-SERVICE/192.168.1.100:auction-service:8084": Connect to http://localhost:8761 [localhost/127.0.0.1, localhost/0:0:0:0:0:0:0:1] failed: Connection refused: getsockopt stacktrace=org.springframework.web.client.ResourceAccessException: I/O error on DELETE request for "http://localhost:8761/eureka/apps/AUCTION-SERVICE/192.168.1.100:auction-service:8084": Connect to http://localhost:8761 [localhost/127.0.0.1, localhost/0:0:0:0:0:0:0:1] failed: Connection refused: getsockopt
	at org.springframework.web.client.RestTemplate.createResourceAccessException(RestTemplate.java:915)
	at org.springframework.web.client.RestTemplate.doExecute(RestTemplate.java:895)
	at org.springframework.web.client.RestTemplate.execute(RestTemplate.java:790)
	at org.springframework.web.client.RestTemplate.exchange(RestTemplate.java:672)
	at org.springframework.cloud.netflix.eureka.http.RestTemplateEurekaHttpClient.cancel(RestTemplateEurekaHttpClient.java:87)
	at com.netflix.discovery.shared.transport.decorator.EurekaHttpClientDecorator$2.execute(EurekaHttpClientDecorator.java:74)
	at com.netflix.discovery.shared.transport.decorator.RedirectingEurekaHttpClient.execute(RedirectingEurekaHttpClient.java:91)
	at com.netflix.discovery.shared.transport.decorator.EurekaHttpClientDecorator.cancel(EurekaHttpClientDecorator.java:71)
	at com.netflix.discovery.shared.transport.decorator.EurekaHttpClientDecorator$2.execute(EurekaHttpClientDecorator.java:74)
	at com.netflix.discovery.shared.transport.decorator.RetryableEurekaHttpClient.execute(RetryableEurekaHttpClient.java:120)
	at com.netflix.discovery.shared.transport.decorator.EurekaHttpClientDecorator.cancel(EurekaHttpClientDecorator.java:71)
	at com.netflix.discovery.shared.transport.decorator.EurekaHttpClientDecorator$2.execute(EurekaHttpClientDecorator.java:74)
	at com.netflix.discovery.shared.transport.decorator.SessionedEurekaHttpClient.execute(SessionedEurekaHttpClient.java:76)
	at com.netflix.discovery.shared.transport.decorator.EurekaHttpClientDecorator.cancel(EurekaHttpClientDecorator.java:71)
	at com.netflix.discovery.DiscoveryClient.unregister(DiscoveryClient.java:919)
	at com.netflix.discovery.DiscoveryClient.shutdown(DiscoveryClient.java:900)
	at java.base/jdk.internal.reflect.DirectMethodHandleAccessor.invoke(DirectMethodHandleAccessor.java:103)
	at java.base/java.lang.reflect.Method.invoke(Method.java:580)
	at org.springframework.beans.factory.annotation.InitDestroyAnnotationBeanPostProcessor$LifecycleMethod.invoke(InitDestroyAnnotationBeanPostProcessor.java:457)
	at org.springframework.beans.factory.annotation.InitDestroyAnnotationBeanPostProcessor$LifecycleMetadata.invokeDestroyMethods(InitDestroyAnnotationBeanPostProcessor.java:415)
	at org.springframework.beans.factory.annotation.InitDestroyAnnotationBeanPostProcessor.postProcessBeforeDestruction(InitDestroyAnnotationBeanPostProcessor.java:239)
	at org.springframework.beans.factory.support.DisposableBeanAdapter.destroy(DisposableBeanAdapter.java:202)
	at org.springframework.beans.factory.support.DisposableBeanAdapter.run(DisposableBeanAdapter.java:195)
	at org.springframework.cloud.context.scope.GenericScope$BeanLifecycleWrapper.destroy(GenericScope.java:389)
	at org.springframework.cloud.context.scope.GenericScope.destroy(GenericScope.java:136)
	at org.springframework.beans.factory.support.DisposableBeanAdapter.destroy(DisposableBeanAdapter.java:211)
	at org.springframework.beans.factory.support.DefaultSingletonBeanRegistry.destroyBean(DefaultSingletonBeanRegistry.java:587)
	at org.springframework.beans.factory.support.DefaultSingletonBeanRegistry.destroySingleton(DefaultSingletonBeanRegistry.java:559)
	at org.springframework.beans.factory.support.DefaultListableBeanFactory.destroySingleton(DefaultListableBeanFactory.java:1202)
	at org.springframework.beans.factory.support.DefaultSingletonBeanRegistry.destroySingletons(DefaultSingletonBeanRegistry.java:520)
	at org.springframework.beans.factory.support.DefaultListableBeanFactory.destroySingletons(DefaultListableBeanFactory.java:1195)
	at org.springframework.context.support.AbstractApplicationContext.destroyBeans(AbstractApplicationContext.java:1195)
	at org.springframework.context.support.AbstractApplicationContext.doClose(AbstractApplicationContext.java:1156)
	at org.springframework.boot.web.servlet.context.ServletWebServerApplicationContext.doClose(ServletWebServerApplicationContext.java:174)
	at org.springframework.context.support.AbstractApplicationContext.close(AbstractApplicationContext.java:1102)
	at org.springframework.boot.admin.SpringApplicationAdminMXBeanRegistrar$SpringApplicationAdmin.shutdown(SpringApplicationAdminMXBeanRegistrar.java:160)
	at java.base/jdk.internal.reflect.DirectMethodHandleAccessor.invoke(DirectMethodHandleAccessor.java:103)
	at java.base/java.lang.reflect.Method.invoke(Method.java:580)
	at sun.reflect.misc.Trampoline.invoke(MethodUtil.java:64)
	at java.base/jdk.internal.reflect.DirectMethodHandleAccessor.invoke(DirectMethodHandleAccessor.java:103)
	at java.base/java.lang.reflect.Method.invoke(Method.java:580)
	at java.base/sun.reflect.misc.MethodUtil.invoke(MethodUtil.java:97)
	at java.management/com.sun.jmx.mbeanserver.ConvertingMethod.invokeWithOpenReturn(ConvertingMethod.java:193)
	at java.management/com.sun.jmx.mbeanserver.ConvertingMethod.invokeWithOpenReturn(ConvertingMethod.java:175)
	at java.management/com.sun.jmx.mbeanserver.MXBeanIntrospector.invokeM2(MXBeanIntrospector.java:115)
	at java.management/com.sun.jmx.mbeanserver.MXBeanIntrospector.invokeM2(MXBeanIntrospector.java:52)
	at java.management/com.sun.jmx.mbeanserver.MBeanIntrospector.invokeM(MBeanIntrospector.java:236)
	at java.management/com.sun.jmx.mbeanserver.PerInterface.invoke(PerInterface.java:138)
	at java.management/com.sun.jmx.mbeanserver.MBeanSupport.invoke(MBeanSupport.java:252)
	at java.management/com.sun.jmx.interceptor.DefaultMBeanServerInterceptor.invoke(DefaultMBeanServerInterceptor.java:803)
	at java.management/com.sun.jmx.mbeanserver.JmxMBeanServer.invoke(JmxMBeanServer.java:802)
	at java.management.rmi/javax.management.remote.rmi.RMIConnectionImpl.doOperation(RMIConnectionImpl.java:1472)
	at java.management.rmi/javax.management.remote.rmi.RMIConnectionImpl$PrivilegedOperation.run(RMIConnectionImpl.java:1310)
	at java.management.rmi/javax.management.remote.rmi.RMIConnectionImpl.doPrivilegedOperation(RMIConnectionImpl.java:1405)
	at java.management.rmi/javax.management.remote.rmi.RMIConnectionImpl.invoke(RMIConnectionImpl.java:829)
	at java.base/jdk.internal.reflect.DirectMethodHandleAccessor.invoke(DirectMethodHandleAccessor.java:103)
	at java.base/java.lang.reflect.Method.invoke(Method.java:580)
	at java.rmi/sun.rmi.server.UnicastServerRef.dispatch(UnicastServerRef.java:360)
	at java.rmi/sun.rmi.transport.Transport$1.run(Transport.java:200)
	at java.rmi/sun.rmi.transport.Transport$1.run(Transport.java:197)
	at java.base/java.security.AccessController.doPrivileged(AccessController.java:714)
	at java.rmi/sun.rmi.transport.Transport.serviceCall(Transport.java:196)
	at java.rmi/sun.rmi.transport.tcp.TCPTransport.handleMessages(TCPTransport.java:598)
	at java.rmi/sun.rmi.transport.tcp.TCPTransport$ConnectionHandler.run0(TCPTransport.java:844)
	at java.rmi/sun.rmi.transport.tcp.TCPTransport$ConnectionHandler.lambda$run$0(TCPTransport.java:721)
	at java.base/java.security.AccessController.doPrivileged(AccessController.java:400)
	at java.rmi/sun.rmi.transport.tcp.TCPTransport$ConnectionHandler.run(TCPTransport.java:720)
	at java.base/java.util.concurrent.ThreadPoolExecutor.runWorker(ThreadPoolExecutor.java:1144)
	at java.base/java.util.concurrent.ThreadPoolExecutor$Worker.run(ThreadPoolExecutor.java:642)
	at java.base/java.lang.Thread.run(Thread.java:1583)
Caused by: org.apache.hc.client5.http.HttpHostConnectException: Connect to http://localhost:8761 [localhost/127.0.0.1, localhost/0:0:0:0:0:0:0:1] failed: Connection refused: getsockopt
	at java.base/sun.nio.ch.Net.pollConnect(Native Method)
	at java.base/sun.nio.ch.Net.pollConnectNow(Net.java:690)
	at java.base/sun.nio.ch.NioSocketImpl.timedFinishConnect(NioSocketImpl.java:542)
	at java.base/sun.nio.ch.NioSocketImpl.connect(NioSocketImpl.java:592)
	at java.base/java.net.SocksSocketImpl.connect(SocksSocketImpl.java:327)
	at java.base/java.net.Socket.connect(Socket.java:751)
	at org.apache.hc.client5.http.socket.PlainConnectionSocketFactory.lambda$connectSocket$0(PlainConnectionSocketFactory.java:91)
	at java.base/java.security.AccessController.doPrivileged(AccessController.java:571)
	at org.apache.hc.client5.http.socket.PlainConnectionSocketFactory.connectSocket(PlainConnectionSocketFactory.java:90)
	at org.apache.hc.client5.http.socket.ConnectionSocketFactory.connectSocket(ConnectionSocketFactory.java:123)
	at org.apache.hc.client5.http.impl.io.DefaultHttpClientConnectionOperator.connect(DefaultHttpClientConnectionOperator.java:189)
	at org.apache.hc.client5.http.impl.io.PoolingHttpClientConnectionManager.connect(PoolingHttpClientConnectionManager.java:450)
	at org.apache.hc.client5.http.impl.classic.InternalExecRuntime.connectEndpoint(InternalExecRuntime.java:162)
	at org.apache.hc.client5.http.impl.classic.InternalExecRuntime.connectEndpoint(InternalExecRuntime.java:172)
	at org.apache.hc.client5.http.impl.classic.ConnectExec.execute(ConnectExec.java:142)
	at org.apache.hc.client5.http.impl.classic.ExecChainElement.execute(ExecChainElement.java:51)
	at org.apache.hc.client5.http.impl.classic.ProtocolExec.execute(ProtocolExec.java:192)
	at org.apache.hc.client5.http.impl.classic.ExecChainElement.execute(ExecChainElement.java:51)
	at org.apache.hc.client5.http.impl.classic.HttpRequestRetryExec.execute(HttpRequestRetryExec.java:113)
	at org.apache.hc.client5.http.impl.classic.ExecChainElement.execute(ExecChainElement.java:51)
	at org.apache.hc.client5.http.impl.classic.ContentCompressionExec.execute(ContentCompressionExec.java:152)
	at org.apache.hc.client5.http.impl.classic.ExecChainElement.execute(ExecChainElement.java:51)
	at org.apache.hc.client5.http.impl.classic.RedirectExec.execute(RedirectExec.java:116)
	at org.apache.hc.client5.http.impl.classic.ExecChainElement.execute(ExecChainElement.java:51)
	at org.apache.hc.client5.http.impl.classic.InternalHttpClient.doExecute(InternalHttpClient.java:170)
	at org.apache.hc.client5.http.impl.classic.CloseableHttpClient.execute(CloseableHttpClient.java:87)
	at org.apache.hc.client5.http.impl.classic.CloseableHttpClient.execute(CloseableHttpClient.java:55)
	at org.apache.hc.client5.http.classic.HttpClient.executeOpen(HttpClient.java:183)
	at org.springframework.http.client.HttpComponentsClientHttpRequest.executeInternal(HttpComponentsClientHttpRequest.java:99)
	at org.springframework.http.client.AbstractStreamingClientHttpRequest.executeInternal(AbstractStreamingClientHttpRequest.java:70)
	at org.springframework.http.client.AbstractClientHttpRequest.execute(AbstractClientHttpRequest.java:66)
	at org.springframework.http.client.InterceptingClientHttpRequest$InterceptingRequestExecution.execute(InterceptingClientHttpRequest.java:112)
	at org.springframework.cloud.netflix.eureka.http.RestTemplateTransportClientFactory.lambda$restTemplate$3(RestTemplateTransportClientFactory.java:170)
	at org.springframework.http.client.InterceptingClientHttpRequest$InterceptingRequestExecution.execute(InterceptingClientHttpRequest.java:88)
	at org.springframework.http.client.InterceptingClientHttpRequest.executeInternal(InterceptingClientHttpRequest.java:72)
	at org.springframework.http.client.AbstractBufferingClientHttpRequest.executeInternal(AbstractBufferingClientHttpRequest.java:48)
	at org.springframework.http.client.AbstractClientHttpRequest.execute(AbstractClientHttpRequest.java:66)
	at org.springframework.web.client.RestTemplate.doExecute(RestTemplate.java:889)
	... 68 more

2026-05-11 20:55:26 [RMI TCP Connection(25)-127.0.0.1] [] WARN  c.n.d.s.t.d.RetryableEurekaHttpClient - Request execution failed with message: I/O error on DELETE request for "http://localhost:8761/eureka/apps/AUCTION-SERVICE/192.168.1.100:auction-service:8084": Connect to http://localhost:8761 [localhost/127.0.0.1, localhost/0:0:0:0:0:0:0:1] failed: Connection refused: getsockopt
2026-05-11 20:55:27 [RMI TCP Connection(25)-127.0.0.1] [] INFO  c.n.d.s.t.d.RedirectingEurekaHttpClient - Request execution error. endpoint=DefaultEndpoint{ serviceUrl='http://localhost:8761/eureka/}, exception=I/O error on DELETE request for "http://localhost:8761/eureka/apps/AUCTION-SERVICE/192.168.1.100:auction-service:8084": Connect to http://localhost:8761 [localhost/127.0.0.1, localhost/0:0:0:0:0:0:0:1] failed: Connection refused: getsockopt stacktrace=org.springframework.web.client.ResourceAccessException: I/O error on DELETE request for "http://localhost:8761/eureka/apps/AUCTION-SERVICE/192.168.1.100:auction-service:8084": Connect to http://localhost:8761 [localhost/127.0.0.1, localhost/0:0:0:0:0:0:0:1] failed: Connection refused: getsockopt
	at org.springframework.web.client.RestTemplate.createResourceAccessException(RestTemplate.java:915)
	at org.springframework.web.client.RestTemplate.doExecute(RestTemplate.java:895)
	at org.springframework.web.client.RestTemplate.execute(RestTemplate.java:790)
	at org.springframework.web.client.RestTemplate.exchange(RestTemplate.java:672)
	at org.springframework.cloud.netflix.eureka.http.RestTemplateEurekaHttpClient.cancel(RestTemplateEurekaHttpClient.java:87)
	at com.netflix.discovery.shared.transport.decorator.EurekaHttpClientDecorator$2.execute(EurekaHttpClientDecorator.java:74)
	at com.netflix.discovery.shared.transport.decorator.RedirectingEurekaHttpClient.executeOnNewServer(RedirectingEurekaHttpClient.java:121)
	at com.netflix.discovery.shared.transport.decorator.RedirectingEurekaHttpClient.execute(RedirectingEurekaHttpClient.java:80)
	at com.netflix.discovery.shared.transport.decorator.EurekaHttpClientDecorator.cancel(EurekaHttpClientDecorator.java:71)
	at com.netflix.discovery.shared.transport.decorator.EurekaHttpClientDecorator$2.execute(EurekaHttpClientDecorator.java:74)
	at com.netflix.discovery.shared.transport.decorator.RetryableEurekaHttpClient.execute(RetryableEurekaHttpClient.java:120)
	at com.netflix.discovery.shared.transport.decorator.EurekaHttpClientDecorator.cancel(EurekaHttpClientDecorator.java:71)
	at com.netflix.discovery.shared.transport.decorator.EurekaHttpClientDecorator$2.execute(EurekaHttpClientDecorator.java:74)
	at com.netflix.discovery.shared.transport.decorator.SessionedEurekaHttpClient.execute(SessionedEurekaHttpClient.java:76)
	at com.netflix.discovery.shared.transport.decorator.EurekaHttpClientDecorator.cancel(EurekaHttpClientDecorator.java:71)
	at com.netflix.discovery.DiscoveryClient.unregister(DiscoveryClient.java:919)
	at com.netflix.discovery.DiscoveryClient.shutdown(DiscoveryClient.java:900)
	at java.base/jdk.internal.reflect.DirectMethodHandleAccessor.invoke(DirectMethodHandleAccessor.java:103)
	at java.base/java.lang.reflect.Method.invoke(Method.java:580)
	at org.springframework.beans.factory.annotation.InitDestroyAnnotationBeanPostProcessor$LifecycleMethod.invoke(InitDestroyAnnotationBeanPostProcessor.java:457)
	at org.springframework.beans.factory.annotation.InitDestroyAnnotationBeanPostProcessor$LifecycleMetadata.invokeDestroyMethods(InitDestroyAnnotationBeanPostProcessor.java:415)
	at org.springframework.beans.factory.annotation.InitDestroyAnnotationBeanPostProcessor.postProcessBeforeDestruction(InitDestroyAnnotationBeanPostProcessor.java:239)
	at org.springframework.beans.factory.support.DisposableBeanAdapter.destroy(DisposableBeanAdapter.java:202)
	at org.springframework.beans.factory.support.DisposableBeanAdapter.run(DisposableBeanAdapter.java:195)
	at org.springframework.cloud.context.scope.GenericScope$BeanLifecycleWrapper.destroy(GenericScope.java:389)
	at org.springframework.cloud.context.scope.GenericScope.destroy(GenericScope.java:136)
	at org.springframework.beans.factory.support.DisposableBeanAdapter.destroy(DisposableBeanAdapter.java:211)
	at org.springframework.beans.factory.support.DefaultSingletonBeanRegistry.destroyBean(DefaultSingletonBeanRegistry.java:587)
	at org.springframework.beans.factory.support.DefaultSingletonBeanRegistry.destroySingleton(DefaultSingletonBeanRegistry.java:559)
	at org.springframework.beans.factory.support.DefaultListableBeanFactory.destroySingleton(DefaultListableBeanFactory.java:1202)
	at org.springframework.beans.factory.support.DefaultSingletonBeanRegistry.destroySingletons(DefaultSingletonBeanRegistry.java:520)
	at org.springframework.beans.factory.support.DefaultListableBeanFactory.destroySingletons(DefaultListableBeanFactory.java:1195)
	at org.springframework.context.support.AbstractApplicationContext.destroyBeans(AbstractApplicationContext.java:1195)
	at org.springframework.context.support.AbstractApplicationContext.doClose(AbstractApplicationContext.java:1156)
	at org.springframework.boot.web.servlet.context.ServletWebServerApplicationContext.doClose(ServletWebServerApplicationContext.java:174)
	at org.springframework.context.support.AbstractApplicationContext.close(AbstractApplicationContext.java:1102)
	at org.springframework.boot.admin.SpringApplicationAdminMXBeanRegistrar$SpringApplicationAdmin.shutdown(SpringApplicationAdminMXBeanRegistrar.java:160)
	at java.base/jdk.internal.reflect.DirectMethodHandleAccessor.invoke(DirectMethodHandleAccessor.java:103)
	at java.base/java.lang.reflect.Method.invoke(Method.java:580)
	at sun.reflect.misc.Trampoline.invoke(MethodUtil.java:64)
	at java.base/jdk.internal.reflect.DirectMethodHandleAccessor.invoke(DirectMethodHandleAccessor.java:103)
	at java.base/java.lang.reflect.Method.invoke(Method.java:580)
	at java.base/sun.reflect.misc.MethodUtil.invoke(MethodUtil.java:97)
	at java.management/com.sun.jmx.mbeanserver.ConvertingMethod.invokeWithOpenReturn(ConvertingMethod.java:193)
	at java.management/com.sun.jmx.mbeanserver.ConvertingMethod.invokeWithOpenReturn(ConvertingMethod.java:175)
	at java.management/com.sun.jmx.mbeanserver.MXBeanIntrospector.invokeM2(MXBeanIntrospector.java:115)
	at java.management/com.sun.jmx.mbeanserver.MXBeanIntrospector.invokeM2(MXBeanIntrospector.java:52)
	at java.management/com.sun.jmx.mbeanserver.MBeanIntrospector.invokeM(MBeanIntrospector.java:236)
	at java.management/com.sun.jmx.mbeanserver.PerInterface.invoke(PerInterface.java:138)
	at java.management/com.sun.jmx.mbeanserver.MBeanSupport.invoke(MBeanSupport.java:252)
	at java.management/com.sun.jmx.interceptor.DefaultMBeanServerInterceptor.invoke(DefaultMBeanServerInterceptor.java:803)
	at java.management/com.sun.jmx.mbeanserver.JmxMBeanServer.invoke(JmxMBeanServer.java:802)
	at java.management.rmi/javax.management.remote.rmi.RMIConnectionImpl.doOperation(RMIConnectionImpl.java:1472)
	at java.management.rmi/javax.management.remote.rmi.RMIConnectionImpl$PrivilegedOperation.run(RMIConnectionImpl.java:1310)
	at java.management.rmi/javax.management.remote.rmi.RMIConnectionImpl.doPrivilegedOperation(RMIConnectionImpl.java:1405)
	at java.management.rmi/javax.management.remote.rmi.RMIConnectionImpl.invoke(RMIConnectionImpl.java:829)
	at java.base/jdk.internal.reflect.DirectMethodHandleAccessor.invoke(DirectMethodHandleAccessor.java:103)
	at java.base/java.lang.reflect.Method.invoke(Method.java:580)
	at java.rmi/sun.rmi.server.UnicastServerRef.dispatch(UnicastServerRef.java:360)
	at java.rmi/sun.rmi.transport.Transport$1.run(Transport.java:200)
	at java.rmi/sun.rmi.transport.Transport$1.run(Transport.java:197)
	at java.base/java.security.AccessController.doPrivileged(AccessController.java:714)
	at java.rmi/sun.rmi.transport.Transport.serviceCall(Transport.java:196)
	at java.rmi/sun.rmi.transport.tcp.TCPTransport.handleMessages(TCPTransport.java:598)
	at java.rmi/sun.rmi.transport.tcp.TCPTransport$ConnectionHandler.run0(TCPTransport.java:844)
	at java.rmi/sun.rmi.transport.tcp.TCPTransport$ConnectionHandler.lambda$run$0(TCPTransport.java:721)
	at java.base/java.security.AccessController.doPrivileged(AccessController.java:400)
	at java.rmi/sun.rmi.transport.tcp.TCPTransport$ConnectionHandler.run(TCPTransport.java:720)
	at java.base/java.util.concurrent.ThreadPoolExecutor.runWorker(ThreadPoolExecutor.java:1144)
	at java.base/java.util.concurrent.ThreadPoolExecutor$Worker.run(ThreadPoolExecutor.java:642)
	at java.base/java.lang.Thread.run(Thread.java:1583)
Caused by: org.apache.hc.client5.http.HttpHostConnectException: Connect to http://localhost:8761 [localhost/127.0.0.1, localhost/0:0:0:0:0:0:0:1] failed: Connection refused: getsockopt
	at java.base/sun.nio.ch.Net.pollConnect(Native Method)
	at java.base/sun.nio.ch.Net.pollConnectNow(Net.java:690)
	at java.base/sun.nio.ch.NioSocketImpl.timedFinishConnect(NioSocketImpl.java:542)
	at java.base/sun.nio.ch.NioSocketImpl.connect(NioSocketImpl.java:592)
	at java.base/java.net.SocksSocketImpl.connect(SocksSocketImpl.java:327)
	at java.base/java.net.Socket.connect(Socket.java:751)
	at org.apache.hc.client5.http.socket.PlainConnectionSocketFactory.lambda$connectSocket$0(PlainConnectionSocketFactory.java:91)
	at java.base/java.security.AccessController.doPrivileged(AccessController.java:571)
	at org.apache.hc.client5.http.socket.PlainConnectionSocketFactory.connectSocket(PlainConnectionSocketFactory.java:90)
	at org.apache.hc.client5.http.socket.ConnectionSocketFactory.connectSocket(ConnectionSocketFactory.java:123)
	at org.apache.hc.client5.http.impl.io.DefaultHttpClientConnectionOperator.connect(DefaultHttpClientConnectionOperator.java:189)
	at org.apache.hc.client5.http.impl.io.PoolingHttpClientConnectionManager.connect(PoolingHttpClientConnectionManager.java:450)
	at org.apache.hc.client5.http.impl.classic.InternalExecRuntime.connectEndpoint(InternalExecRuntime.java:162)
	at org.apache.hc.client5.http.impl.classic.InternalExecRuntime.connectEndpoint(InternalExecRuntime.java:172)
	at org.apache.hc.client5.http.impl.classic.ConnectExec.execute(ConnectExec.java:142)
	at org.apache.hc.client5.http.impl.classic.ExecChainElement.execute(ExecChainElement.java:51)
	at org.apache.hc.client5.http.impl.classic.ProtocolExec.execute(ProtocolExec.java:192)
	at org.apache.hc.client5.http.impl.classic.ExecChainElement.execute(ExecChainElement.java:51)
	at org.apache.hc.client5.http.impl.classic.HttpRequestRetryExec.execute(HttpRequestRetryExec.java:113)
	at org.apache.hc.client5.http.impl.classic.ExecChainElement.execute(ExecChainElement.java:51)
	at org.apache.hc.client5.http.impl.classic.ContentCompressionExec.execute(ContentCompressionExec.java:152)
	at org.apache.hc.client5.http.impl.classic.ExecChainElement.execute(ExecChainElement.java:51)
	at org.apache.hc.client5.http.impl.classic.RedirectExec.execute(RedirectExec.java:116)
	at org.apache.hc.client5.http.impl.classic.ExecChainElement.execute(ExecChainElement.java:51)
	at org.apache.hc.client5.http.impl.classic.InternalHttpClient.doExecute(InternalHttpClient.java:170)
	at org.apache.hc.client5.http.impl.classic.CloseableHttpClient.execute(CloseableHttpClient.java:87)
	at org.apache.hc.client5.http.impl.classic.CloseableHttpClient.execute(CloseableHttpClient.java:55)
	at org.apache.hc.client5.http.classic.HttpClient.executeOpen(HttpClient.java:183)
	at org.springframework.http.client.HttpComponentsClientHttpRequest.executeInternal(HttpComponentsClientHttpRequest.java:99)
	at org.springframework.http.client.AbstractStreamingClientHttpRequest.executeInternal(AbstractStreamingClientHttpRequest.java:70)
	at org.springframework.http.client.AbstractClientHttpRequest.execute(AbstractClientHttpRequest.java:66)
	at org.springframework.http.client.InterceptingClientHttpRequest$InterceptingRequestExecution.execute(InterceptingClientHttpRequest.java:112)
	at org.springframework.cloud.netflix.eureka.http.RestTemplateTransportClientFactory.lambda$restTemplate$3(RestTemplateTransportClientFactory.java:170)
	at org.springframework.http.client.InterceptingClientHttpRequest$InterceptingRequestExecution.execute(InterceptingClientHttpRequest.java:88)
	at org.springframework.http.client.InterceptingClientHttpRequest.executeInternal(InterceptingClientHttpRequest.java:72)
	at org.springframework.http.client.AbstractBufferingClientHttpRequest.executeInternal(AbstractBufferingClientHttpRequest.java:48)
	at org.springframework.http.client.AbstractClientHttpRequest.execute(AbstractClientHttpRequest.java:66)
	at org.springframework.web.client.RestTemplate.doExecute(RestTemplate.java:889)
	... 69 more

2026-05-11 20:55:27 [RMI TCP Connection(25)-127.0.0.1] [] WARN  c.n.d.s.t.d.RetryableEurekaHttpClient - Request execution failed with message: I/O error on DELETE request for "http://localhost:8761/eureka/apps/AUCTION-SERVICE/192.168.1.100:auction-service:8084": Connect to http://localhost:8761 [localhost/127.0.0.1, localhost/0:0:0:0:0:0:0:1] failed: Connection refused: getsockopt
2026-05-11 20:55:27 [RMI TCP Connection(25)-127.0.0.1] [] ERROR c.netflix.discovery.DiscoveryClient - DiscoveryClient_AUCTION-SERVICE/192.168.1.100:auction-service:8084 - de-registration failedCannot execute request on any known server
com.netflix.discovery.shared.transport.TransportException: Cannot execute request on any known server
	at com.netflix.discovery.shared.transport.decorator.RetryableEurekaHttpClient.execute(RetryableEurekaHttpClient.java:112)
	at com.netflix.discovery.shared.transport.decorator.EurekaHttpClientDecorator.cancel(EurekaHttpClientDecorator.java:71)
	at com.netflix.discovery.shared.transport.decorator.EurekaHttpClientDecorator$2.execute(EurekaHttpClientDecorator.java:74)
	at com.netflix.discovery.shared.transport.decorator.SessionedEurekaHttpClient.execute(SessionedEurekaHttpClient.java:76)
	at com.netflix.discovery.shared.transport.decorator.EurekaHttpClientDecorator.cancel(EurekaHttpClientDecorator.java:71)
	at com.netflix.discovery.DiscoveryClient.unregister(DiscoveryClient.java:919)
	at com.netflix.discovery.DiscoveryClient.shutdown(DiscoveryClient.java:900)
	at java.base/jdk.internal.reflect.DirectMethodHandleAccessor.invoke(DirectMethodHandleAccessor.java:103)
	at java.base/java.lang.reflect.Method.invoke(Method.java:580)
	at org.springframework.beans.factory.annotation.InitDestroyAnnotationBeanPostProcessor$LifecycleMethod.invoke(InitDestroyAnnotationBeanPostProcessor.java:457)
	at org.springframework.beans.factory.annotation.InitDestroyAnnotationBeanPostProcessor$LifecycleMetadata.invokeDestroyMethods(InitDestroyAnnotationBeanPostProcessor.java:415)
	at org.springframework.beans.factory.annotation.InitDestroyAnnotationBeanPostProcessor.postProcessBeforeDestruction(InitDestroyAnnotationBeanPostProcessor.java:239)
	at org.springframework.beans.factory.support.DisposableBeanAdapter.destroy(DisposableBeanAdapter.java:202)
	at org.springframework.beans.factory.support.DisposableBeanAdapter.run(DisposableBeanAdapter.java:195)
	at org.springframework.cloud.context.scope.GenericScope$BeanLifecycleWrapper.destroy(GenericScope.java:389)
	at org.springframework.cloud.context.scope.GenericScope.destroy(GenericScope.java:136)
	at org.springframework.beans.factory.support.DisposableBeanAdapter.destroy(DisposableBeanAdapter.java:211)
	at org.springframework.beans.factory.support.DefaultSingletonBeanRegistry.destroyBean(DefaultSingletonBeanRegistry.java:587)
	at org.springframework.beans.factory.support.DefaultSingletonBeanRegistry.destroySingleton(DefaultSingletonBeanRegistry.java:559)
	at org.springframework.beans.factory.support.DefaultListableBeanFactory.destroySingleton(DefaultListableBeanFactory.java:1202)
	at org.springframework.beans.factory.support.DefaultSingletonBeanRegistry.destroySingletons(DefaultSingletonBeanRegistry.java:520)
	at org.springframework.beans.factory.support.DefaultListableBeanFactory.destroySingletons(DefaultListableBeanFactory.java:1195)
	at org.springframework.context.support.AbstractApplicationContext.destroyBeans(AbstractApplicationContext.java:1195)
	at org.springframework.context.support.AbstractApplicationContext.doClose(AbstractApplicationContext.java:1156)
	at org.springframework.boot.web.servlet.context.ServletWebServerApplicationContext.doClose(ServletWebServerApplicationContext.java:174)
	at org.springframework.context.support.AbstractApplicationContext.close(AbstractApplicationContext.java:1102)
	at org.springframework.boot.admin.SpringApplicationAdminMXBeanRegistrar$SpringApplicationAdmin.shutdown(SpringApplicationAdminMXBeanRegistrar.java:160)
	at java.base/jdk.internal.reflect.DirectMethodHandleAccessor.invoke(DirectMethodHandleAccessor.java:103)
	at java.base/java.lang.reflect.Method.invoke(Method.java:580)
	at sun.reflect.misc.Trampoline.invoke(MethodUtil.java:64)
	at java.base/jdk.internal.reflect.DirectMethodHandleAccessor.invoke(DirectMethodHandleAccessor.java:103)
	at java.base/java.lang.reflect.Method.invoke(Method.java:580)
	at java.base/sun.reflect.misc.MethodUtil.invoke(MethodUtil.java:97)
	at java.management/com.sun.jmx.mbeanserver.ConvertingMethod.invokeWithOpenReturn(ConvertingMethod.java:193)
	at java.management/com.sun.jmx.mbeanserver.ConvertingMethod.invokeWithOpenReturn(ConvertingMethod.java:175)
	at java.management/com.sun.jmx.mbeanserver.MXBeanIntrospector.invokeM2(MXBeanIntrospector.java:115)
	at java.management/com.sun.jmx.mbeanserver.MXBeanIntrospector.invokeM2(MXBeanIntrospector.java:52)
	at java.management/com.sun.jmx.mbeanserver.MBeanIntrospector.invokeM(MBeanIntrospector.java:236)
	at java.management/com.sun.jmx.mbeanserver.PerInterface.invoke(PerInterface.java:138)
	at java.management/com.sun.jmx.mbeanserver.MBeanSupport.invoke(MBeanSupport.java:252)
	at java.management/com.sun.jmx.interceptor.DefaultMBeanServerInterceptor.invoke(DefaultMBeanServerInterceptor.java:803)
	at java.management/com.sun.jmx.mbeanserver.JmxMBeanServer.invoke(JmxMBeanServer.java:802)
	at java.management.rmi/javax.management.remote.rmi.RMIConnectionImpl.doOperation(RMIConnectionImpl.java:1472)
	at java.management.rmi/javax.management.remote.rmi.RMIConnectionImpl$PrivilegedOperation.run(RMIConnectionImpl.java:1310)
	at java.management.rmi/javax.management.remote.rmi.RMIConnectionImpl.doPrivilegedOperation(RMIConnectionImpl.java:1405)
	at java.management.rmi/javax.management.remote.rmi.RMIConnectionImpl.invoke(RMIConnectionImpl.java:829)
	at java.base/jdk.internal.reflect.DirectMethodHandleAccessor.invoke(DirectMethodHandleAccessor.java:103)
	at java.base/java.lang.reflect.Method.invoke(Method.java:580)
	at java.rmi/sun.rmi.server.UnicastServerRef.dispatch(UnicastServerRef.java:360)
	at java.rmi/sun.rmi.transport.Transport$1.run(Transport.java:200)
	at java.rmi/sun.rmi.transport.Transport$1.run(Transport.java:197)
	at java.base/java.security.AccessController.doPrivileged(AccessController.java:714)
	at java.rmi/sun.rmi.transport.Transport.serviceCall(Transport.java:196)
	at java.rmi/sun.rmi.transport.tcp.TCPTransport.handleMessages(TCPTransport.java:598)
	at java.rmi/sun.rmi.transport.tcp.TCPTransport$ConnectionHandler.run0(TCPTransport.java:844)
	at java.rmi/sun.rmi.transport.tcp.TCPTransport$ConnectionHandler.lambda$run$0(TCPTransport.java:721)
	at java.base/java.security.AccessController.doPrivileged(AccessController.java:400)
	at java.rmi/sun.rmi.transport.tcp.TCPTransport$ConnectionHandler.run(TCPTransport.java:720)
	at java.base/java.util.concurrent.ThreadPoolExecutor.runWorker(ThreadPoolExecutor.java:1144)
	at java.base/java.util.concurrent.ThreadPoolExecutor$Worker.run(ThreadPoolExecutor.java:642)
	at java.base/java.lang.Thread.run(Thread.java:1583)
2026-05-11 20:55:29 [RMI TCP Connection(25)-127.0.0.1] [] INFO  c.netflix.discovery.DiscoveryClient - Completed shut down of DiscoveryClient
